id_agence,date_visite,num_visite,scenario,id_enqueteur,creneau,tier,groupe_anciennete,anciennete_ans,zone_type,code_territoire,territoire,mu_agence,latitude,longitude,nb_agents_estime,genre,tranche_age,statut_professionnel,score_certification,m1_id_visite,m1_vague,m1_scenario,m1_creneau,m1_date_visite,m1_duree_attente,m1_duree_service,m1_duree_totale,m1_t1_arrivee,m1_t4_depart,m1_gps_arr_lat,m1_gps_arr_lon,m1_gps_dep_lat,m1_gps_dep_lon,m1_gps_valide,m2_01_facade,m2_02_signaletique,m2_03_acces,m2_04_proprete_abords,m2_score_brut,m3_01_accueil_verbal,m3_02_temps_attente,m3_03_gestion_file,m3_04_confort_attente,m3_05_info_attente,m3_score_brut,m4_01_tenue,m4_02_courtoisie,m4_03_ecoute,m4_04_clarte,m4_05_confidentialite,m4_06_conge,m4_07_role_agent,m4_score_brut,m6_01_proprete,m6_02_affichage,m6_03_materiel_info,m6_04_ambiance,m6_score_brut,m7_01_borne,m7_02_affichage_digital,m7_03_wifi,m7_04_promo_appli,m7_05_support_digital,m7_06_score_global_digital,m7_score_brut,m5s1_01_besoins,m5s1_02_produit,m5s1_03_docs_requis,m5s1_04_kyc,m5s1_05_delai,m5s1_06_suite,m5s1_07_conformite,m5s2_01_besoins,m5s2_02_credit_responsable,m5s2_03_taux_frais,m5s2_04_alternatives,m5s2_05_delai_reponse,m5s2_06_docs,m5s2_07_conformite,m5s3_01_reception,m5s3_02_empathie,m5s3_03_procedure,m5s3_04_escalade,m5s3_05_trace,m5s3_06_delai,m5s3_07_conformite,m5s4_01_verification,m5s4_02_comptage,m5s4_03_lcbft,m5s4_04_recu,m5s4_05_rapidite,m5s4_06_exactitude,m5s4_07_conformite,m5s5_01_connaissance,m5s5_02_adequation,m5s5_03_accompagnement,m5s5_04_promotion_canal,m5s5_05_securite,m5s5_06_conformite,m5_score_brut,m5_score_norm,m5_score_max,m8_af_01,m8_af_02,m8_af_03,m8_af_04,m8_af_05,m8_score_antifraude,m8_delai_soumission,m8_abandon,m8_abandon_code,m8_incident,score_composite,bande_performance,flag_horaire_incoherent,flag_duree_incoherente,flag_temps_incoherent,flag_qualite_ok,m5_complet,fd_01,fd_02,fd_03,fd_04,fd_06,n_flags,exclure,score_ecart_global,conforme_m3,conforme_m4,conforme_m5,creneau_num
BCA-MQ-01,2025-04-07,1,S1,EQ-04,Matin,1,G1,36,Urbaine dense,MQ,Martinique,93.10843660986954,14.6037,-61.0588,15,M,31-45,Independant(e),84,BCA-MQ-01-V1-20250407,1,S1,Matin,2025-04-07,6,24,30,00:00:00,00:30:00,14.603921494835877,-61.05842386325714,14.603636737228763,-61.05895347113135,1,3,3,2,2,10,3,3,2,3,2,13,3,3,3,3,2,2,Conseiller,16,3,3,1,3,10,3,2,1,2,2,2,12,3,3,2,3,2,3,2,,,,,,,,,,,,,,,,,,,,,,,,,,,,18,25,18,2,2,2,1,2,9,24,0,,0,95.96,A,FALSE,FALSE,FALSE,TRUE,TRUE,FALSE,FALSE,FALSE,FALSE,FALSE,0,FALSE,35.95258333333333,TRUE,TRUE,TRUE,1
BCA-MQ-01,2025-04-22,2,S3,EQ-11,Midi,1,G1,36,Urbaine dense,MQ,Martinique,93.10843660986954,14.6037,-61.0588,15,F,21-30,Salarie(e),94,BCA-MQ-01-V2-20250422,1,S3,Midi,2025-04-22,3,18,21,00:00:00,00:21:00,14.603632194035734,-61.05838351020975,14.603442688994784,-61.0587654532814,1,3,3,2,3,11,2,3,2,3,3,13,3,3,3,3,2,2,Autre,16,3,3,2,3,11,3,2,1,2,2,3,13,,,,,,,,,,,,,,,2,2,3,2,3,2,3,,,,,,,,,,,,,,17,23.61,18,2,2,2,0,2,4,24,0,,0,97.26,A,FALSE,FALSE,FALSE,TRUE,TRUE,FALSE,FALSE,TRUE,FALSE,FALSE,1,FALSE,37.25258333333334,TRUE,TRUE,TRUE,2
BCA-MQ-01,2025-04-23,3,S5,EQ-02,Apres-midi,1,G1,36,Urbaine dense,MQ,Martinique,93.10843660986954,14.6037,-61.0588,15,M,46-60,Salarie(e),88,BCA-MQ-01-V3-20250423,1,S5,Apres-midi,2025-04-23,4,13,17,00:00:00,00:17:00,14.60389817664721,-61.058787495295675,14.603591377895905,-61.05850726572398,1,3,3,2,3,11,3,3,2,3,3,14,3,3,3,3,2,2,Conseiller,16,3,3,2,3,11,3,2,1,1,2,3,12,,,,,,,,,,,,,,,,,,,,,,,,,,,,,3,3,3,2,2,2,15,23.44,16,2,1,1,2,2,8,9,0,,0,96.97,A,FALSE,FALSE,FALSE,TRUE,TRUE,FALSE,FALSE,FALSE,FALSE,FALSE,0,FALSE,36.962583333333335,TRUE,TRUE,TRUE,3
BCA-MQ-01,2025-05-12,4,S2,EQ-08,Matin,1,G1,36,Urbaine dense,MQ,Martinique,93.10843660986954,14.6037,-61.0588,15,M,46-60,Salarie(e),88,BCA-MQ-01-V4-20250512,1,S2,Matin,2025-05-12,2,21,23,00:00:00,00:23:00,14.60406325931613,-61.059121735070896,14.603955030127873,-61.05861986559383,1,3,3,2,3,11,2,3,2,3,2,12,3,3,3,3,1,2,Guichetier,15,3,3,2,3,11,3,2,1,2,2,3,13,,,,,,,,3,3,3,2,2,3,2,,,,,,,,,,,,,,,,,,,,,18,25,18,2,1,1,2,2,8,8,0,,0,96.61,A,FALSE,FALSE,FALSE,TRUE,TRUE,FALSE,FALSE,FALSE,FALSE,FALSE,0,FALSE,36.602583333333335,TRUE,TRUE,TRUE,1
BCA-MQ-01,2025-05-26,5,S4,EQ-15,Apres-midi,1,G1,36,Urbaine dense,MQ,Martinique,93.10843660986954,14.6037,-61.0588,15,F,31-45,Independant(e),96,BCA-MQ-01-V5-20250526,1,S4,Apres-midi,2025-05-26,0,11,11,00:00:00,00:11:00,14.60402299452338,-61.058612683200614,14.603964164354895,-61.05872472425374,1,3,3,2,3,11,3,3,2,3,3,14,3,3,3,3,2,2,Conseiller,16,3,3,2,3,11,3,2,0,2,1,2,10,,,,,,,,,,,,,,,,,,,,,,3,3,3,2,3,1,2,,,,,,,17,25,17,2,2,2,2,2,10,27,0,,1,96.54,A,FALSE,FALSE,FALSE,TRUE,TRUE,FALSE,FALSE,FALSE,FALSE,FALSE,0,FALSE,36.53258333333334,TRUE,TRUE,TRUE,3
BCA-MQ-02,2025-04-18,1,S2,EQ-07,Matin,1,G1,31,Urbaine dense,MQ,Martinique,90.35789804666996,14.6115,-60.9998,12,F,31-45,Independant(e),93,BCA-MQ-02-V1-20250418,1,S2,Matin,2025-04-18,3,19,22,00:00:00,00:22:00,14.611296814376756,-60.99980926956405,14.611227120462187,-60.99992686292776,1,3,3,2,3,11,3,3,2,3,2,13,3,3,3,3,2,2,Autre,16,3,2,2,3,10,3,2,1,2,2,3,13,,,,,,,,3,3,3,2,2,3,2,,,,,,,,,,,,,,,,,,,,,18,25,18,2,2,2,2,2,10,14,0,,0,98.02,A,FALSE,FALSE,FALSE,TRUE,TRUE,FALSE,FALSE,FALSE,FALSE,FALSE,0,FALSE,38.01258333333333,TRUE,TRUE,TRUE,1
BCA-MQ-02,2025-04-23,2,S4,EQ-03,Midi,1,G1,31,Urbaine dense,MQ,Martinique,90.35789804666996,14.6115,-60.9998,12,F,21-30,Etudiant(e),95,BCA-MQ-02-V2-20250423,1,S4,Midi,2025-04-23,0,13,13,00:00:00,00:13:00,14.611532480737552,-60.99976630140536,14.611611292255656,-60.999497304471035,1,3,3,2,3,11,3,3,2,3,3,14,2,3,3,3,2,2,Guichetier,15,3,3,1,2,9,3,2,1,2,2,2,12,,,,,,,,,,,,,,,,,,,,,,2,3,3,2,3,1,2,,,,,,,16,23.53,17,2,2,2,1,2,9,26,0,,0,94.01,A,FALSE,FALSE,FALSE,TRUE,TRUE,FALSE,FALSE,FALSE,FALSE,FALSE,0,FALSE,34.00258333333334,TRUE,TRUE,TRUE,2
BCA-MQ-02,2025-05-07,3,S1,EQ-12,Apres-midi,1,G1,31,Urbaine dense,MQ,Martinique,90.35789804666996,14.6115,-60.9998,12,Autre,31-45,Salarie(e),85,BCA-MQ-02-V3-20250507,1,S1,Apres-midi,2025-05-07,0,27,27,00:00:00,00:27:00,14.611434506216089,-60.999768865301945,14.611534881990536,-60.99986324250346,1,3,3,1,2,9,2,3,2,2,3,12,3,3,3,3,2,2,Conseiller,16,3,3,2,3,11,3,2,1,2,2,3,13,3,2,2,3,2,3,2,,,,,,,,,,,,,,,,,,,,,,,,,,,,17,23.61,18,1,2,2,2,2,9,17,0,,1,94.37,A,FALSE,FALSE,FALSE,TRUE,TRUE,FALSE,FALSE,FALSE,FALSE,FALSE,0,FALSE,34.36258333333334,TRUE,TRUE,TRUE,3
BCA-MQ-02,2025-06-12,4,S5,EQ-09,Matin,1,G1,31,Urbaine dense,MQ,Martinique,90.35789804666996,14.6115,-60.9998,12,F,60+,Retraite(e),91,BCA-MQ-02-V4-20250612,1,S5,Matin,2025-06-12,0,15,15,00:00:00,00:15:00,14.611422713638955,-60.99984022941003,14.611436864048398,-60.99970644324472,1,3,3,2,3,11,3,3,2,2,3,13,3,2,3,3,2,2,Guichetier,15,3,3,2,3,11,3,2,1,1,2,3,12,,,,,,,,,,,,,,,,,,,,,,,,,,,,,3,3,2,2,2,3,15,23.44,16,2,2,2,2,2,10,26,0,,0,94.65,A,FALSE,FALSE,FALSE,TRUE,TRUE,FALSE,FALSE,FALSE,FALSE,FALSE,0,FALSE,34.64258333333334,TRUE,TRUE,TRUE,1
BCA-MQ-02,2025-06-26,5,S3,EQ-01,Apres-midi,1,G1,31,Urbaine dense,MQ,Martinique,90.35789804666996,14.6115,-60.9998,12,F,31-45,Salarie(e),92,BCA-MQ-02-V5-20250626,1,S3,Apres-midi,2025-06-26,0,13,1,00:00:00,00:13:00,14.611673038223271,-60.99988509374011,14.611303558800111,-60.99993020438164,1,2,3,1,3,9,3,3,2,3,3,14,3,3,3,3,2,2,Conseiller,16,3,3,2,3,11,3,2,0,1,2,3,11,,,,,,,,,,,,,,,3,2,3,2,3,2,3,,,,,,,,,,,,,,18,25,18,2,2,0,1,2,7,26,0,,0,95.87,A,FALSE,TRUE,TRUE,FALSE,TRUE,TRUE,FALSE,FALSE,FALSE,FALSE,1,FALSE,35.86258333333334,TRUE,TRUE,TRUE,3
BCA-MQ-03,2025-04-10,1,S3,EQ-10,Matin,2,G1,26,Urbaine,MQ,Martinique,77.75025416793324,14.6241,-61.0891,8,M,31-45,Salarie(e),89,BCA-MQ-03-V1-20250410,1,S3,Matin,2025-04-10,1,17,18,00:00:00,00:18:00,14.624230118563151,-61.08925099843177,14.624066931762526,-61.08913446232205,1,3,2,2,2,9,2,2,2,3,3,12,2,3,2,2,2,2,Guichetier,13,2,3,2,2,9,2,2,1,2,1,3,11,,,,,,,,,,,,,,,2,1,2,1,2,2,2,,,,,,,,,,,,,,12,16.67,18,2,1,2,2,2,9,20,0,,0,78.17,B,FALSE,FALSE,FALSE,TRUE,TRUE,FALSE,FALSE,FALSE,FALSE,FALSE,0,FALSE,18.162583333333338,TRUE,TRUE,FALSE,1
BCA-MQ-03,2025-04-22,2,S5,EQ-06,Midi,2,G1,26,Urbaine,MQ,Martinique,77.75025416793324,14.6241,-61.0891,8,M,21-30,Etudiant(e),87,BCA-MQ-03-V2-20250422,1,S5,Midi,2025-04-22,3,18,21,00:00:00,00:21:00,14.623922114542705,-61.089274976396354,14.624098709709374,-61.08895355494153,1,2,2,1,2,7,2,2,1,2,2,9,3,2,3,2,1,2,Guichetier,13,3,2,1,3,9,3,2,1,1,2,3,12,,,,,,,,,,,,,,,,,,,,,,,,,,,,,2,2,2,2,2,2,12,18.75,16,2,2,2,2,2,10,10,0,,0,76.78,B,FALSE,FALSE,FALSE,TRUE,TRUE,FALSE,FALSE,FALSE,FALSE,FALSE,0,FALSE,16.772583333333337,FALSE,TRUE,TRUE,2
BCA-MQ-03,2025-05-07,3,S2,EQ-14,Apres-midi,2,G1,26,Urbaine,MQ,Martinique,77.75025416793324,14.6241,-61.0891,8,M,60+,Retraite(e),82,BCA-MQ-03-V3-20250507,1,S2,Apres-midi,2025-05-07,0,24,24,00:00:00,00:24:00,14.623910752799569,-61.08907114669651,14.624124945230609,-61.08917510702186,1,2,3,1,2,8,3,2,1,2,3,11,2,2,2,1,1,1,Conseiller,9,2,2,2,2,8,2,1,1,1,1,2,8,,,,,,,,2,2,2,1,1,2,1,,,,,,,,,,,,,,,,,,,,,11,15.28,18,1,2,2,2,2,9,28,0,,0,65.15,C,FALSE,FALSE,FALSE,TRUE,TRUE,FALSE,FALSE,FALSE,FALSE,FALSE,0,FALSE,5.1425833333333415,TRUE,FALSE,FALSE,3
BCA-MQ-03,2025-05-13,4,S4,EQ-05,Matin,2,G1,26,Urbaine,MQ,Martinique,77.75025416793324,14.6241,-61.0891,8,F,46-60,Salarie(e),90,BCA-MQ-03-V4-20250513,1,S4,Matin,2025-05-13,6,6,12,00:00:00,00:12:00,14.62422249662966,-61.089117348466694,14.624231163864614,-61.088945414957806,1,2,3,1,2,8,2,2,1,2,2,9,2,3,2,2,1,2,Guichetier,12,2,3,1,2,8,2,2,1,1,2,2,10,,,,,,,,,,,,,,,,,,,,,,2,2,2,2,2,1,1,,,,,,,12,17.65,17,2,2,1,2,2,9,23,0,,0,71.91,C,FALSE,FALSE,FALSE,TRUE,TRUE,FALSE,FALSE,FALSE,FALSE,FALSE,0,FALSE,11.902583333333332,FALSE,TRUE,FALSE,1
BCA-MQ-03,2025-06-18,5,S1,EQ-13,Apres-midi,2,G1,26,Urbaine,MQ,Martinique,77.75025416793324,14.6241,-61.0891,8,F,46-60,Retraite(e),97,BCA-MQ-03-V5-20250618,1,S1,Apres-midi,2025-06-18,3,30,33,00:00:00,00:33:00,14.62443416638344,-61.08925117211948,14.624221095490142,-61.08876826642576,1,2,2,1,2,7,2,2,2,2,2,10,2,1,3,2,2,2,Conseiller,12,2,2,2,2,8,2,2,1,2,1,2,10,2,3,1,2,1,3,1,,,,,,,,,,,,,,,,,,,,,,,,,,,,13,18.06,18,2,0,2,2,2,8,17,0,,0,72.56,C,FALSE,FALSE,FALSE,TRUE,TRUE,FALSE,FALSE,FALSE,FALSE,FALSE,0,FALSE,12.552583333333338,FALSE,TRUE,FALSE,3
BCA-MQ-04,2025-04-21,1,S4,EQ-02,Matin,2,G2,22,Peri-urbaine,MQ,Martinique,70.35208017803141,14.6802,-60.933,7,M,46-60,Salarie(e),88,BCA-MQ-04-V1-20250421,1,S4,Matin,2025-04-21,6,9,15,00:00:00,00:15:00,14.68029796697803,-60.93289299301398,14.679935739511158,-60.93308874055943,1,2,2,1,2,7,2,1,1,2,2,8,2,2,1,1,1,1,Conseiller,8,2,2,2,2,8,2,2,1,2,2,2,11,,,,,,,,,,,,,,,,,,,,,,2,2,2,1,2,1,1,,,,,,,11,16.18,17,1,2,2,2,2,9,23,0,,0,64.32,C,FALSE,FALSE,FALSE,TRUE,TRUE,FALSE,FALSE,FALSE,FALSE,FALSE,0,FALSE,4.312583333333329,FALSE,FALSE,FALSE,1
BCA-MQ-04,2025-04-24,2,S1,EQ-08,Midi,2,G2,22,Peri-urbaine,MQ,Martinique,70.35208017803141,14.6802,-60.933,7,M,46-60,Salarie(e),88,BCA-MQ-04-V2-20250424,1,S1,Midi,2025-04-24,6,29,35,00:00:00,00:35:00,14.679896592099606,-60.93302532658145,14.680237152630344,-60.93290315933552,1,2,2,1,2,7,2,2,1,2,2,9,1,2,2,2,1,1,Conseiller,9,2,2,1,2,7,2,1,1,1,1,2,8,2,2,2,2,1,2,1,,,,,,,,,,,,,,,,,,,,,,,,,,,,12,16.67,18,2,2,2,1,2,9,8,1,A1,0,62.85,C,FALSE,FALSE,FALSE,TRUE,TRUE,FALSE,FALSE,FALSE,FALSE,FALSE,0,FALSE,2.8425833333333372,FALSE,FALSE,FALSE,2
BCA-MQ-04,2025-05-07,3,S3,EQ-11,Apres-midi,2,G2,22,Peri-urbaine,MQ,Martinique,70.35208017803141,14.6802,-60.933,7,F,21-30,Salarie(e),94,BCA-MQ-04-V3-20250507,1,S3,Apres-midi,2025-05-07,5,16,21,00:00:00,00:21:00,14.679854503352752,-60.93278840971073,14.680147029990875,-60.93304987083562,1,2,2,1,2,7,2,2,2,2,2,10,1,2,2,1,1,1,Guichetier,8,2,2,1,2,7,2,1,1,2,1,2,9,,,,,,,,,,,,,,,2,1,2,1,2,1,2,,,,,,,,,,,,,,11,15.28,18,2,2,2,2,2,10,19,0,,0,62.16,C,FALSE,FALSE,FALSE,TRUE,TRUE,FALSE,FALSE,FALSE,FALSE,FALSE,0,FALSE,2.1525833333333324,FALSE,FALSE,FALSE,3
BCA-MQ-04,2025-05-19,4,S5,EQ-04,Matin,2,G2,22,Peri-urbaine,MQ,Martinique,70.35208017803141,14.6802,-60.933,7,M,31-45,Independant(e),84,BCA-MQ-04-V4-20250519,1,S5,Matin,2025-05-19,3,18,21,00:00:00,00:21:00,14.680632660409175,-60.93314975005132,14.679969624133728,-60.932927509312925,1,1,2,1,2,6,2,2,1,2,2,9,2,2,2,2,1,2,Conseiller,11,2,2,1,1,6,2,1,0,1,1,2,7,,,,,,,,,,,,,,,,,,,,,,,,,,,,,2,2,2,2,2,2,12,18.75,16,2,2,2,0,2,8,24,0,,0,64.88,C,FALSE,FALSE,FALSE,TRUE,TRUE,FALSE,FALSE,FALSE,FALSE,FALSE,0,FALSE,4.872583333333331,FALSE,FALSE,TRUE,1
BCA-MQ-04,2025-06-26,5,S2,EQ-07,Apres-midi,2,G2,22,Peri-urbaine,MQ,Martinique,70.35208017803141,14.6802,-60.933,7,F,31-45,Independant(e),93,BCA-MQ-04-V5-20250626,1,S2,Apres-midi,2025-06-26,2,23,25,00:00:00,00:25:00,14.68029821173038,-60.93318018090033,14.680478903625255,-60.933138684276635,1,2,3,1,2,8,2,2,2,3,2,11,2,2,2,2,1,1,Guichetier,10,3,2,1,2,8,2,2,1,2,1,1,9,,,,,,,,2,2,2,1,1,2,1,,,,,,,,,,,,,,,,,,,,,11,15.28,18,0,2,0,2,0,4,20,0,,0,67.55,C,FALSE,FALSE,FALSE,TRUE,TRUE,FALSE,FALSE,TRUE,FALSE,FALSE,1,FALSE,7.542583333333333,TRUE,FALSE,FALSE,3
BCA-MQ-05,2025-05-09,1,S5,EQ-09,Matin,2,G2,20,Peri-urbaine,MQ,Martinique,72.09692286345836,14.7793,-60.9913,6,F,60+,Retraite(e),91,BCA-MQ-05-V1-20250509,1,S5,Matin,2025-05-09,0,10,10,00:00:00,00:10:00,14.77954349230415,-60.99154057341017,14.779241817321438,-60.99136158225945,1,2,2,1,1,6,2,2,1,2,2,9,2,1,2,2,1,1,Guichetier,9,2,2,2,2,8,2,1,1,1,1,2,8,,,,,,,,,,,,,,,,,,,,,,,,,,,,,2,3,2,1,2,2,12,18.75,16,2,0,0,1,2,5,18,0,,0,65.35,C,FALSE,FALSE,FALSE,TRUE,TRUE,FALSE,FALSE,TRUE,FALSE,FALSE,1,FALSE,5.34258333333333,FALSE,FALSE,TRUE,1
BCA-MQ-05,2025-05-15,2,S2,EQ-15,Midi,2,G2,20,Peri-urbaine,MQ,Martinique,72.09692286345836,14.7793,-60.9913,6,F,31-45,Independant(e),96,BCA-MQ-05-V2-20250515,1,S2,Midi,2025-05-15,8,24,32,00:00:00,00:32:00,14.776106685599776,-60.99458121990705,14.776151721164108,-60.9946482592472,0,3,2,1,1,7,2,2,1,2,1,8,2,2,2,2,1,1,Autre,10,2,2,1,2,7,2,1,0,1,1,3,8,,,,,,,,2,2,2,1,1,2,1,,,,,,,,,,,,,,,,,,,,,11,15.28,18,2,2,1,2,2,9,11,0,,0,61.37,C,FALSE,FALSE,FALSE,FALSE,TRUE,FALSE,TRUE,FALSE,FALSE,FALSE,1,FALSE,1.3625833333333333,FALSE,FALSE,FALSE,2
BCA-MQ-05,2025-05-20,3,S4,EQ-06,Apres-midi,2,G2,20,Peri-urbaine,MQ,Martinique,72.09692286345836,14.7793,-60.9913,6,M,21-30,Etudiant(e),87,BCA-MQ-05-V3-20250520,1,S4,Apres-midi,2025-05-20,5,9,14,00:00:00,00:14:00,14.77919401536628,-60.99125585956307,14.779173600613872,-60.99137096403872,1,2,1,1,1,5,2,1,1,2,2,8,2,2,2,2,1,2,Conseiller,11,2,2,2,2,8,2,1,1,1,1,2,8,,,,,,,,,,,,,,,,,,,,,,2,2,2,2,2,0,1,,,,,,,11,16.18,17,2,2,1,2,2,9,15,0,,0,62.79,C,FALSE,FALSE,FALSE,TRUE,TRUE,FALSE,FALSE,FALSE,FALSE,FALSE,0,FALSE,2.782583333333335,FALSE,FALSE,FALSE,3
BCA-MQ-05,2025-05-21,4,S1,EQ-03,Matin,2,G2,20,Peri-urbaine,MQ,Martinique,72.09692286345836,14.7793,-60.9913,6,F,21-30,Etudiant(e),95,BCA-MQ-05-V4-20250521,1,S1,Matin,2025-05-21,5,24,29,00:00:00,00:29:00,14.779154161571372,-60.9911228641305,14.7796448389048,-60.99139429414247,1,2,2,1,3,8,3,2,1,2,2,10,2,2,2,2,1,1,Directeur,10,2,2,1,2,7,1,1,1,1,1,2,7,2,2,1,2,1,3,1,,,,,,,,,,,,,,,,,,,,,,,,,,,,12,16.67,18,2,2,0,2,2,8,8,0,,0,64.93,C,FALSE,FALSE,FALSE,TRUE,TRUE,FALSE,FALSE,FALSE,FALSE,FALSE,0,FALSE,4.922583333333343,FALSE,FALSE,FALSE,1
BCA-MQ-05,2025-05-27,5,S3,EQ-10,Apres-midi,2,G2,20,Peri-urbaine,MQ,Martinique,72.09692286345836,14.7793,-60.9913,6,M,31-45,Salarie(e),89,BCA-MQ-05-V5-20250527,1,S3,Apres-midi,2025-05-27,5,11,16,00:00:00,00:16:00,14.77904708672968,-60.9913554201395,14.77909668265252,-60.991089713589936,1,2,2,1,2,7,3,2,1,3,2,11,1,2,1,2,1,1,Directeur,8,2,2,1,2,7,2,2,1,1,1,2,9,,,,,,,,,,,,,,,2,1,2,1,2,1,2,,,,,,,,,,,,,,11,15.28,18,2,2,2,2,2,10,16,0,,0,63.23,C,FALSE,FALSE,FALSE,TRUE,TRUE,FALSE,FALSE,FALSE,FALSE,FALSE,0,FALSE,3.2225833333333327,TRUE,FALSE,FALSE,3
BCA-MQ-06,2025-04-09,1,S1,EQ-13,Matin,2,G2,18,Peri-urbaine,MQ,Martinique,66.57167264582768,14.7378,-60.964,6,F,46-60,Retraite(e),97,BCA-MQ-06-V1-20250409,1,S1,Matin,2025-04-09,0,27,27,00:00:00,00:27:00,14.738195718345514,-60.964025420798784,14.737650198765698,-60.96405368221337,1,2,1,1,1,5,1,2,2,1,2,8,2,2,1,2,1,1,Conseiller,9,2,2,1,1,6,2,1,1,2,1,2,9,2,1,1,2,1,1,1,,,,,,,,,,,,,,,,,,,,,,,,,,,,9,12.5,18,2,2,0,2,2,8,10,0,,0,55.21,D,FALSE,FALSE,FALSE,TRUE,TRUE,FALSE,FALSE,FALSE,FALSE,FALSE,0,FALSE,-4.797416666666663,FALSE,FALSE,FALSE,1
BCA-MQ-06,2025-05-08,2,S3,EQ-04,Midi,2,G2,18,Peri-urbaine,MQ,Martinique,66.57167264582768,14.7378,-60.964,6,M,31-45,Independant(e),84,BCA-MQ-06-V2-20250508,1,S3,Midi,2025-05-08,4,11,15,00:00:00,00:15:00,14.737938943289894,-60.96410240562214,14.737901569176884,-60.96410400097395,1,1,1,1,2,5,3,2,1,1,2,9,2,1,2,2,1,2,Conseiller,10,1,2,1,2,6,2,1,0,1,1,2,7,,,,,,,,,,,,,,,1,1,1,1,2,2,2,,,,,,,,,,,,,,10,13.89,18,2,2,2,2,2,10,18,0,,0,56.89,D,FALSE,FALSE,FALSE,TRUE,TRUE,FALSE,FALSE,FALSE,FALSE,FALSE,0,FALSE,-3.1174166666666636,FALSE,FALSE,FALSE,2
BCA-MQ-06,2025-06-05,3,S2,EQ-09,Apres-midi,2,G2,18,Peri-urbaine,MQ,Martinique,66.57167264582768,14.7378,-60.964,6,F,60+,Retraite(e),91,BCA-MQ-06-V3-20250605,1,S2,Apres-midi,2025-06-05,3,18,21,00:00:00,00:21:00,14.737629905124091,-60.96385885680797,14.737440529794352,-60.96376914612672,1,2,2,1,1,6,2,2,1,2,2,9,2,2,2,2,1,1,Conseiller,10,2,1,1,2,6,2,1,1,1,1,2,8,,,,,,,,2,2,2,1,1,2,1,,,,,,,,,,,,,,,,,,,,,11,15.28,18,2,0,2,0,2,6,19,0,,0,60.62,C,FALSE,FALSE,FALSE,TRUE,TRUE,FALSE,FALSE,FALSE,FALSE,FALSE,0,FALSE,0.6125833333333333,FALSE,FALSE,FALSE,3
BCA-MQ-06,2025-06-09,4,S4,EQ-14,Matin,2,G2,18,Peri-urbaine,MQ,Martinique,66.57167264582768,14.7378,-60.964,6,M,60+,Retraite(e),82,BCA-MQ-06-V4-20250609,1,S4,Matin,2025-06-09,4,12,16,00:00:00,00:16:00,14.738160546501922,-60.96403814320952,14.73811644671113,-60.96405776814697,1,2,2,1,2,7,2,2,1,1,2,8,2,2,2,1,1,1,Directeur,9,1,2,1,2,6,2,1,1,1,1,2,8,,,,,,,,,,,,,,,,,,,,,,2,1,2,1,1,1,1,,,,,,,9,13.24,17,2,2,2,1,2,9,16,0,,0,56.76,D,FALSE,FALSE,FALSE,TRUE,TRUE,FALSE,FALSE,FALSE,FALSE,FALSE,0,FALSE,-3.247416666666666,FALSE,FALSE,FALSE,1
BCA-MQ-06,2025-06-19,5,S5,EQ-11,Apres-midi,2,G2,18,Peri-urbaine,MQ,Martinique,66.57167264582768,14.7378,-60.964,6,F,21-30,Salarie(e),94,BCA-MQ-06-V5-20250619,1,S5,Apres-midi,2025-06-19,5,18,23,00:00:00,00:23:00,14.737740924801468,-60.96372467485887,14.738245143233431,-60.96440351334121,1,1,2,1,2,6,2,2,1,2,1,8,1,2,2,2,1,1,Guichetier,9,2,1,1,1,5,2,1,1,1,1,2,8,,,,,,,,,,,,,,,,,,,,,,,,,,,,,1,2,2,1,1,2,9,14.06,16,2,2,2,2,2,10,13,0,,0,55.92,D,FALSE,FALSE,FALSE,TRUE,TRUE,FALSE,FALSE,FALSE,FALSE,FALSE,0,FALSE,-4.0874166666666625,FALSE,FALSE,FALSE,3
BCA-MQ-07,2025-04-09,1,S2,EQ-06,Matin,3,G2,15,Peri-urbaine,MQ,Martinique,65.3375588233156,14.6196,-60.8994,4,M,21-30,Etudiant(e),87,BCA-MQ-07-V1-20250409,1,S2,Matin,2025-04-09,3,24,27,00:00:00,00:27:00,14.619572469037124,-60.89914550536771,14.61949982362704,-60.89938439808798,1,1,1,1,2,5,2,2,1,1,2,8,2,2,1,2,1,1,Conseiller,9,1,2,1,2,6,1,1,0,1,1,2,6,,,,,,,,2,2,2,1,1,2,1,,,,,,,,,,,,,,,,,,,,,11,15.28,18,1,2,2,2,2,9,15,0,,1,55.08,D,FALSE,FALSE,FALSE,TRUE,TRUE,FALSE,FALSE,FALSE,FALSE,FALSE,0,FALSE,-4.927416666666666,FALSE,FALSE,FALSE,1
BCA-MQ-07,2025-04-11,2,S5,EQ-10,Midi,3,G2,15,Peri-urbaine,MQ,Martinique,65.3375588233156,14.6196,-60.8994,4,M,31-45,Salarie(e),89,BCA-MQ-07-V2-20250411,1,S5,Midi,2025-04-11,5,12,17,00:00:00,00:17:00,14.619659142777818,-60.89970290041713,14.619660399565648,-60.899117864946966,1,2,1,1,1,5,2,1,1,2,2,8,2,2,1,1,1,1,Conseiller,8,2,2,1,1,6,1,1,1,1,1,1,6,,,,,,,,,,,,,,,,,,,,,,,,,,,,,1,2,1,1,1,2,8,12.5,16,2,2,2,0,2,8,22,0,,0,50.49,D,FALSE,FALSE,FALSE,TRUE,TRUE,FALSE,FALSE,FALSE,FALSE,FALSE,0,FALSE,-9.517416666666662,FALSE,FALSE,FALSE,2
BCA-MQ-07,2025-04-28,3,S3,EQ-15,Apres-midi,3,G2,15,Peri-urbaine,MQ,Martinique,65.3375588233156,14.6196,-60.8994,4,F,31-45,Independant(e),96,BCA-MQ-07-V3-20250428,1,S3,Apres-midi,2025-04-28,0,15,15,00:00:00,00:15:00,14.619431652369274,-60.899392256475856,14.619401309304624,-60.89949997048591,1,2,2,1,2,7,2,3,2,2,1,10,1,2,2,2,1,1,Conseiller,9,2,2,1,1,6,2,1,0,1,1,3,8,,,,,,,,,,,,,,,2,1,2,1,2,1,2,,,,,,,,,,,,,,11,15.28,18,2,1,2,2,2,9,23,0,,0,61.35,C,FALSE,FALSE,FALSE,TRUE,TRUE,FALSE,FALSE,FALSE,FALSE,FALSE,0,FALSE,1.3425833333333372,FALSE,FALSE,FALSE,3
BCA-MQ-07,2025-06-13,4,S1,EQ-07,Matin,3,G2,15,Peri-urbaine,MQ,Martinique,65.3375588233156,14.6196,-60.8994,4,F,31-45,Independant(e),93,BCA-MQ-07-V4-20250613,1,S1,Matin,2025-06-13,0,25,25,00:00:00,00:25:00,14.61975111868884,-60.89940102827816,14.61965100790382,-60.8990941961456,1,2,1,1,1,5,2,1,1,1,1,6,2,1,2,2,1,1,Guichetier,9,2,1,1,1,5,2,1,1,1,1,2,8,2,1,1,2,1,2,1,,,,,,,,,,,,,,,,,,,,,,,,,,,,10,13.89,18,1,2,2,2,0,7,10,0,,0,52.67,D,FALSE,FALSE,FALSE,TRUE,TRUE,FALSE,FALSE,FALSE,FALSE,FALSE,0,FALSE,-7.3374166666666625,FALSE,FALSE,FALSE,1
BCA-MQ-07,2025-06-16,5,S4,EQ-02,Apres-midi,3,G2,15,Peri-urbaine,MQ,Martinique,65.3375588233156,14.6196,-60.8994,4,M,46-60,Salarie(e),88,BCA-MQ-07-V5-20250616,1,S4,Apres-midi,2025-06-16,3,10,13,00:00:00,00:13:00,14.61956665361808,-60.899372300261014,14.619854831201742,-60.89943609812264,1,1,1,1,1,4,2,2,1,2,2,9,1,2,2,1,1,1,Conseiller,8,1,2,1,2,6,2,1,0,1,1,2,7,,,,,,,,,,,,,,,,,,,,,,2,2,1,1,1,1,1,,,,,,,9,13.24,17,0,2,2,2,2,8,25,0,,0,52.7,D,FALSE,FALSE,FALSE,TRUE,TRUE,FALSE,FALSE,FALSE,FALSE,FALSE,0,FALSE,-7.307416666666661,FALSE,FALSE,FALSE,3
BCA-MQ-08,2025-04-28,1,S3,EQ-01,Matin,3,G3,13,Rurale,MQ,Martinique,61.56178367384713,14.4797,-60.8889,3,F,31-45,Salarie(e),92,BCA-MQ-08-V1-20250428,1,S3,Matin,2025-04-28,0,19,19,00:00:00,00:19:00,14.480016233709732,-60.889063007100866,14.479958075765326,-60.888745412555146,1,2,2,1,2,7,1,2,1,1,2,7,1,1,1,2,1,1,Conseiller,7,1,2,2,2,7,2,1,1,1,1,1,7,,,,,,,,,,,,,,,1,1,1,1,1,1,1,,,,,,,,,,,,,,7,9.72,18,2,2,0,1,2,7,26,0,,0,48.72,D,FALSE,FALSE,FALSE,TRUE,TRUE,FALSE,FALSE,FALSE,FALSE,FALSE,0,FALSE,-11.287416666666665,FALSE,FALSE,FALSE,1
BCA-MQ-08,2025-06-12,2,S4,EQ-12,Midi,3,G3,13,Rurale,MQ,Martinique,61.56178367384713,14.4797,-60.8889,3,Autre,31-45,Salarie(e),85,BCA-MQ-08-V2-20250612,1,S4,Midi,2025-06-12,3,14,17,00:00:00,00:17:00,14.479578724312256,-60.888860558982515,14.479798206446642,-60.88901981073729,1,2,1,1,1,5,1,2,1,2,1,7,1,2,2,1,1,1,Conseiller,8,1,1,1,2,5,1,1,1,1,1,2,7,,,,,,,,,,,,,,,,,,,,,,1,2,1,1,1,1,1,,,,,,,8,11.76,17,2,2,2,2,2,10,21,0,,0,48.78,D,FALSE,FALSE,FALSE,TRUE,TRUE,FALSE,FALSE,FALSE,FALSE,FALSE,0,FALSE,-11.227416666666663,FALSE,FALSE,FALSE,2
BCA-MQ-08,2025-06-13,3,S1,EQ-08,Apres-midi,3,G3,13,Rurale,MQ,Martinique,61.56178367384713,14.4797,-60.8889,3,M,46-60,Salarie(e),88,BCA-MQ-08-V3-20250613,1,S1,Apres-midi,2025-06-13,4,23,27,00:00:00,00:27:00,14.479645536448285,-60.88877890574446,14.480014487892491,-60.889107422282294,1,1,1,1,1,4,1,1,1,1,2,6,1,2,2,1,1,1,Guichetier,8,2,2,1,2,7,2,1,1,1,1,1,7,2,2,1,1,1,2,1,,,,,,,,,,,,,,,,,,,,,,,,,,,,10,13.89,18,2,2,2,2,0,8,11,0,,0,51.17,D,FALSE,FALSE,FALSE,TRUE,TRUE,FALSE,FALSE,FALSE,FALSE,FALSE,0,FALSE,-8.837416666666662,FALSE,FALSE,FALSE,3
BCA-MQ-08,2025-06-17,4,S2,EQ-05,Matin,3,G3,13,Rurale,MQ,Martinique,61.56178367384713,14.4797,-60.8889,3,F,46-60,Salarie(e),90,BCA-MQ-08-V4-20250617,1,S2,Matin,2025-06-17,3,20,23,00:00:00,00:23:00,14.47975642102355,-60.888938574972485,14.47962731954215,-60.88875139508977,1,2,2,1,1,6,1,2,1,2,1,7,2,1,1,2,1,0,Conseiller,7,2,2,1,1,6,2,1,0,1,1,2,7,,,,,,,,2,1,1,1,1,1,1,,,,,,,,,,,,,,,,,,,,,8,11.11,18,1,2,2,0,2,7,27,0,,0,48.57,D,FALSE,FALSE,FALSE,TRUE,TRUE,FALSE,FALSE,FALSE,FALSE,FALSE,0,FALSE,-11.437416666666664,FALSE,FALSE,FALSE,1
BCA-MQ-08,2025-06-25,5,S5,EQ-13,Apres-midi,3,G3,13,Rurale,MQ,Martinique,61.56178367384713,14.4797,-60.8889,3,F,46-60,Retraite(e),97,BCA-MQ-08-V5-20250625,1,S5,Apres-midi,2025-06-25,7,16,23,00:00:00,00:23:00,14.479683776043862,-60.88857606567324,14.47976190095226,-60.88919296521665,1,1,2,1,2,6,1,1,1,2,2,7,1,1,2,2,1,1,Conseiller,8,1,1,1,1,4,2,1,1,1,2,1,8,,,,,,,,,,,,,,,,,,,,,,,,,,,,,2,1,2,1,1,1,8,12.5,16,2,2,2,2,2,10,9,0,,0,50.82,D,FALSE,FALSE,FALSE,TRUE,TRUE,FALSE,FALSE,FALSE,FALSE,FALSE,0,FALSE,-9.187416666666664,FALSE,FALSE,FALSE,3
BCA-MQ-09,2025-04-09,1,S4,EQ-11,Matin,3,G3,11,Rurale,MQ,Martinique,63.015020760230776,14.4697,-60.875,3,F,21-30,Salarie(e),94,BCA-MQ-09-V1-20250409,1,S4,Matin,2025-04-09,5,13,18,00:00:00,00:18:00,14.469569934364172,-60.87498613237625,14.469697008488792,-60.87455064015432,1,1,2,1,1,5,1,1,1,2,1,6,1,2,2,2,1,1,Conseiller,9,1,2,1,2,6,2,1,0,1,1,2,7,,,,,,,,,,,,,,,,,,,,,,2,2,2,1,2,0,1,,,,,,,10,14.71,17,2,2,2,2,2,10,12,0,,1,53.41,D,FALSE,FALSE,FALSE,TRUE,TRUE,FALSE,FALSE,FALSE,FALSE,FALSE,0,FALSE,-6.597416666666668,FALSE,FALSE,FALSE,1
BCA-MQ-09,2025-04-25,2,S1,EQ-09,Midi,3,G3,11,Rurale,MQ,Martinique,63.015020760230776,14.4697,-60.875,3,F,60+,Retraite(e),91,BCA-MQ-09-V2-20250425,1,S1,Midi,2025-04-25,6,27,33,00:00:00,00:33:00,14.469704814576406,-60.87501848515008,14.469366107317017,-60.87500845567923,1,1,2,1,1,5,2,1,1,2,2,8,2,2,1,2,1,1,Directeur,9,2,1,1,2,6,1,0,1,1,1,2,6,2,2,1,2,1,2,1,,,,,,,,,,,,,,,,,,,,,,,,,,,,11,15.28,18,2,2,1,0,2,7,15,0,,0,55.08,D,FALSE,FALSE,FALSE,TRUE,TRUE,FALSE,FALSE,FALSE,FALSE,FALSE,0,FALSE,-4.927416666666666,FALSE,FALSE,FALSE,2
BCA-MQ-09,2025-06-04,3,S5,EQ-03,Apres-midi,3,G3,11,Rurale,MQ,Martinique,63.015020760230776,14.4697,-60.875,3,F,21-30,Etudiant(e),95,BCA-MQ-09-V3-20250604,1,S5,Apres-midi,2025-06-04,5,18,23,00:00:00,00:23:00,14.470057309508014,-60.87535467956333,14.46965731058469,-60.875005049020615,1,2,3,1,1,7,1,2,1,2,2,8,1,1,2,2,1,1,Directeur,8,2,2,1,1,6,1,1,1,1,1,1,6,,,,,,,,,,,,,,,,,,,,,,,,,,,,,2,1,1,1,1,1,7,10.94,16,1,2,0,2,2,7,22,0,,0,50.44,D,FALSE,FALSE,FALSE,TRUE,TRUE,FALSE,FALSE,FALSE,FALSE,FALSE,0,FALSE,-9.567416666666666,FALSE,FALSE,FALSE,3
BCA-MQ-09,2025-06-13,4,S3,EQ-15,Matin,3,G3,11,Rurale,MQ,Martinique,63.015020760230776,14.4697,-60.875,3,F,31-45,Independant(e),96,BCA-MQ-09-V4-20250613,1,S3,Matin,2025-06-13,3,11,14,00:00:00,00:14:00,14.470031223867627,-60.87492115830702,14.469641866526915,-60.87520760931415,1,1,2,1,2,6,1,2,1,2,1,7,2,2,1,2,1,1,Guichetier,9,2,2,1,1,6,2,1,1,1,1,1,7,,,,,,,,,,,,,,,2,1,1,1,1,1,1,,,,,,,,,,,,,,8,11.11,18,2,2,2,2,2,10,24,0,,0,51.07,D,FALSE,FALSE,FALSE,TRUE,TRUE,FALSE,FALSE,FALSE,FALSE,FALSE,0,FALSE,-8.937416666666664,FALSE,FALSE,FALSE,1
BCA-MQ-09,2025-06-25,5,S2,EQ-06,Apres-midi,3,G3,11,Rurale,MQ,Martinique,63.015020760230776,14.4697,-60.875,3,M,21-30,Etudiant(e),87,BCA-MQ-09-V5-20250625,1,S2,Apres-midi,2025-06-25,3,23,26,00:00:00,00:26:00,14.469574436567548,-60.8751710859966,14.469987607261896,-60.87492367284205,1,2,1,1,1,5,1,2,1,2,2,8,1,0,2,2,1,1,Conseiller,7,1,1,1,2,5,2,1,0,1,1,1,6,,,,,,,,1,2,1,1,1,2,1,,,,,,,,,,,,,,,,,,,,,9,12.5,18,2,1,2,2,2,9,22,0,,0,48.34,D,FALSE,FALSE,FALSE,TRUE,TRUE,FALSE,FALSE,FALSE,FALSE,FALSE,0,FALSE,-11.66741666666666,FALSE,FALSE,FALSE,3
BCA-MQ-10,2025-04-10,1,S5,EQ-14,Matin,3,G3,8,Rurale,MQ,Martinique,57.86695620680032,14.7383,-61.1783,3,M,60+,Retraite(e),82,BCA-MQ-10-V1-20250410,1,S5,Matin,2025-04-10,5,12,17,00:00:00,00:17:00,14.738281084950064,-61.17806853967543,14.73819285665513,-61.17822832961091,1,1,1,1,2,5,1,1,1,1,1,5,1,1,1,1,1,1,Guichetier,6,1,1,1,1,4,2,1,0,0,1,2,6,,,,,,,,,,,,,,,,,,,,,,,,,,,,,1,1,1,1,1,1,6,9.38,16,2,2,2,2,2,10,14,0,,0,39.22,F,FALSE,FALSE,FALSE,TRUE,TRUE,FALSE,FALSE,FALSE,FALSE,FALSE,0,FALSE,-20.787416666666665,FALSE,FALSE,FALSE,1
BCA-MQ-10,2025-05-08,2,S2,EQ-01,Midi,3,G3,8,Rurale,MQ,Martinique,57.86695620680032,14.7383,-61.1783,3,F,31-45,Salarie(e),92,BCA-MQ-10-V2-20250508,1,S2,Midi,2025-05-08,4,19,23,00:00:00,00:23:00,14.738470405714516,-61.17828533514973,14.73826811693156,-61.17835493652284,1,1,1,1,2,5,1,2,1,1,2,7,1,2,1,2,1,1,Conseiller,8,2,0,1,1,4,1,0,0,0,1,1,3,,,,,,,,1,2,1,1,1,1,1,,,,,,,,,,,,,,,,,,,,,8,11.11,18,2,2,2,2,1,9,13,0,,0,42.48,F,FALSE,FALSE,FALSE,TRUE,TRUE,FALSE,FALSE,FALSE,FALSE,FALSE,0,FALSE,-17.527416666666667,FALSE,FALSE,FALSE,2
BCA-MQ-10,2025-06-04,3,S4,EQ-07,Apres-midi,3,G3,8,Rurale,MQ,Martinique,57.86695620680032,14.7383,-61.1783,3,F,31-45,Independant(e),93,BCA-MQ-10-V3-20250604,1,S4,Apres-midi,2025-06-04,2,8,10,00:00:00,00:10:00,14.738102865502256,-61.178338820853774,14.738462059014768,-61.178193862737686,1,2,2,1,2,7,2,1,1,1,1,6,2,1,1,1,1,1,Conseiller,7,2,1,1,1,5,1,1,0,1,0,1,4,,,,,,,,,,,,,,,,,,,,,,1,1,1,1,1,0,1,,,,,,,6,8.82,17,1,2,0,2,2,7,13,0,,1,41.29,F,FALSE,FALSE,FALSE,TRUE,TRUE,FALSE,FALSE,FALSE,FALSE,FALSE,0,FALSE,-18.717416666666665,FALSE,FALSE,FALSE,3
BCA-MQ-10,2025-06-09,4,S1,EQ-10,Matin,3,G3,8,Rurale,MQ,Martinique,57.86695620680032,14.7383,-61.1783,3,M,31-45,Salarie(e),89,BCA-MQ-10-V4-20250609,1,S1,Matin,2025-06-09,2,25,27,00:00:00,00:27:00,14.7384138682781,-61.17861524768471,14.738483020607752,-61.17837590849862,1,1,1,1,2,5,2,2,1,1,2,8,1,1,1,1,1,1,Guichetier,6,0,1,1,1,3,1,1,0,1,1,2,6,1,1,1,1,1,1,0,,,,,,,,,,,,,,,,,,,,,,,,,,,,6,8.33,18,2,2,1,2,2,9,17,0,,0,40.26,F,FALSE,FALSE,FALSE,TRUE,TRUE,FALSE,FALSE,FALSE,FALSE,FALSE,0,FALSE,-19.747416666666666,FALSE,FALSE,FALSE,1
BCA-MQ-10,2025-06-12,5,S3,EQ-04,Apres-midi,3,G3,8,Rurale,MQ,Martinique,57.86695620680032,14.7383,-61.1783,3,M,31-45,Independant(e),84,BCA-MQ-10-V5-20250612,1,S3,Apres-midi,2025-06-12,7,19,26,00:00:00,00:26:00,14.738460913706788,-61.17831375794362,14.738234633332052,-61.17844400555978,1,1,1,1,1,4,1,1,0,2,1,5,1,1,1,2,1,1,Guichetier,7,1,1,1,1,4,1,1,1,1,1,1,6,,,,,,,,,,,,,,,1,1,2,1,2,1,1,,,,,,,,,,,,,,9,12.5,18,2,2,2,0,2,8,12,0,,0,43.3,F,FALSE,FALSE,FALSE,TRUE,TRUE,FALSE,FALSE,FALSE,FALSE,FALSE,0,FALSE,-16.707416666666667,FALSE,FALSE,FALSE,3
BCA-MQ-11,2025-04-21,1,S1,EQ-05,Matin,3,G4,5,Rurale,MQ,Martinique,51.308822716139126,14.5536,-60.8389,2,F,46-60,Salarie(e),90,BCA-MQ-11-V1-20250421,1,S1,Matin,2025-04-21,3,26,29,00:00:00,00:29:00,14.5534057509429,-60.83881260144775,14.553540104881892,-60.83863459500256,1,1,1,1,2,5,1,2,1,1,1,6,1,1,1,0,1,1,Guichetier,5,1,1,1,0,3,1,0,0,0,1,1,3,1,1,1,0,1,1,1,,,,,,,,,,,,,,,,,,,,,,,,,,,,6,8.33,18,2,2,2,2,2,10,17,0,,1,33.41,F,FALSE,FALSE,FALSE,TRUE,TRUE,FALSE,FALSE,FALSE,FALSE,FALSE,0,FALSE,-26.597416666666668,FALSE,FALSE,FALSE,1
BCA-MQ-11,2025-04-23,2,S3,EQ-13,Midi,3,G4,5,Rurale,MQ,Martinique,51.308822716139126,14.5536,-60.8389,2,F,46-60,Retraite(e),97,BCA-MQ-11-V2-20250423,1,S3,Midi,2025-04-23,4,16,20,00:00:00,00:20:00,14.55324626292592,-60.83922598460432,14.553908834499122,-60.838662921222,1,0,1,1,1,3,1,1,1,1,1,5,1,1,1,1,1,0,Autre,5,2,1,1,1,5,1,0,1,0,1,1,4,,,,,,,,,,,,,,,1,0,1,1,1,1,1,,,,,,,,,,,,,,6,8.33,18,2,2,1,1,2,8,2,0,,0,33.49,F,FALSE,FALSE,FALSE,TRUE,TRUE,FALSE,FALSE,FALSE,FALSE,TRUE,1,FALSE,-26.517416666666662,FALSE,FALSE,FALSE,2
BCA-MQ-11,2025-05-02,3,S2,EQ-11,Apres-midi,3,G4,5,Rurale,MQ,Martinique,51.308822716139126,14.5536,-60.8389,2,F,21-30,Salarie(e),94,BCA-MQ-11-V3-20250502,1,S2,Apres-midi,2025-05-02,4,19,23,00:00:00,00:23:00,14.553603786160105,-60.83865607784867,14.554123852750962,-60.83909024165764,1,2,1,1,1,5,1,1,1,0,1,4,1,1,1,1,0,0,Guichetier,4,1,1,1,1,4,1,1,0,1,1,1,5,,,,,,,,1,1,1,0,1,1,1,,,,,,,,,,,,,,,,,,,,,6,8.33,18,2,1,2,2,1,8,15,0,,0,33.23,F,FALSE,FALSE,FALSE,TRUE,TRUE,FALSE,FALSE,FALSE,FALSE,FALSE,0,FALSE,-26.777416666666667,FALSE,FALSE,FALSE,3
BCA-MQ-11,2025-05-12,4,S4,EQ-01,Matin,3,G4,5,Rurale,MQ,Martinique,51.308822716139126,14.5536,-60.8389,2,F,31-45,Salarie(e),92,BCA-MQ-11-V4-20250512,1,S4,Matin,2025-05-12,4,6,10,00:00:00,00:10:00,14.553574750967414,-60.838828178005066,14.553763250980143,-60.83907062975195,1,1,1,1,1,4,1,1,1,1,1,5,1,1,2,1,1,1,Directeur,7,1,0,0,1,2,1,1,1,1,1,1,6,,,,,,,,,,,,,,,,,,,,,,1,1,1,0,0,1,1,,,,,,,5,7.35,17,1,2,2,2,2,9,20,0,,0,35.3,F,FALSE,FALSE,FALSE,TRUE,TRUE,FALSE,FALSE,FALSE,FALSE,FALSE,0,FALSE,-24.707416666666667,FALSE,FALSE,FALSE,1
BCA-MQ-11,2025-06-20,5,S5,EQ-08,Apres-midi,3,G4,5,Rurale,MQ,Martinique,51.308822716139126,14.5536,-60.8389,2,M,46-60,Salarie(e),88,BCA-MQ-11-V5-20250620,1,S5,Apres-midi,2025-06-20,7,11,18,00:00:00,00:18:00,14.553502206853144,-60.83868713908886,14.553686521075443,-60.83916321161687,1,1,1,1,1,4,1,1,1,-0,1,4,1,1,0,1,1,1,Guichetier,5,1,1,1,0,3,0,1,0,1,1,1,4,,,,,,,,,,,,,,,,,,,,,,,,,,,,,1,1,2,0,1,1,6,9.38,16,2,2,2,2,0,8,14,0,,1,32.77,F,FALSE,FALSE,FALSE,TRUE,TRUE,FALSE,FALSE,FALSE,FALSE,FALSE,0,FALSE,-27.23741666666666,FALSE,FALSE,FALSE,3
BCA-GP-01,2025-04-28,1,S4,EQ-16,Matin,1,G1,33,Urbaine dense,GP,Guadeloupe,88.53609792571224,16.2418,-61.5336,14,M,31-45,Salarie(e),91,BCA-GP-01-V1-20250428,1,S4,Matin,2025-04-28,2,13,15,00:00:00,00:15:00,16.241880603812874,-61.53367303429823,16.24172060123076,-61.533732027220715,1,3,2,2,3,10,3,3,2,3,2,13,2,3,3,3,2,1,Conseiller,14,3,3,2,3,11,2,1,1,2,2,3,11,,,,,,,,,,,,,,,,,,,,,,3,3,3,2,3,1,2,,,,,,,17,25,17,2,2,2,2,2,10,27,0,,0,93.21,A,FALSE,FALSE,FALSE,TRUE,TRUE,FALSE,FALSE,FALSE,FALSE,FALSE,0,FALSE,33.20258333333333,TRUE,TRUE,TRUE,1
BCA-GP-01,2025-05-06,2,S1,EQ-20,Midi,1,G1,33,Urbaine dense,GP,Guadeloupe,88.53609792571224,16.2418,-61.5336,14,F,60+,Retraite(e),90,BCA-GP-01-V2-20250506,1,S1,Midi,2025-05-06,3,24,27,00:00:00,00:27:00,16.242117432686527,-61.53366045003801,16.24173863103375,-61.53371457603937,1,2,3,2,3,10,3,2,2,3,3,13,3,3,3,3,2,2,Autre,16,3,3,2,2,10,3,2,1,2,2,3,13,3,3,2,3,2,3,2,,,,,,,,,,,,,,,,,,,,,,,,,,,,18,25,18,2,2,1,1,2,8,21,0,,1,97.11,A,FALSE,FALSE,FALSE,TRUE,TRUE,FALSE,FALSE,FALSE,FALSE,FALSE,0,FALSE,37.102583333333335,TRUE,TRUE,TRUE,2
BCA-GP-01,2025-05-13,3,S3,EQ-17,Apres-midi,1,G1,33,Urbaine dense,GP,Guadeloupe,88.53609792571224,16.2418,-61.5336,14,F,21-30,Salarie(e),88,BCA-GP-01-V3-20250513,1,S3,Apres-midi,2025-05-13,2,18,20,00:00:00,00:20:00,16.241724642231624,-61.53357157119976,16.241716655435045,-61.53379526571516,1,3,2,2,3,10,2,2,2,3,3,12,3,2,3,3,2,2,Conseiller,15,3,3,2,2,10,2,2,0,2,1,2,9,,,,,,,,,,,,,,,2,2,2,2,2,2,3,,,,,,,,,,,,,,15,20.83,18,2,2,2,0,2,8,10,1,A2,1,85.17,B,FALSE,FALSE,FALSE,TRUE,TRUE,FALSE,FALSE,FALSE,FALSE,FALSE,0,FALSE,25.162583333333338,TRUE,TRUE,TRUE,3
BCA-GP-01,2025-06-02,4,S5,EQ-19,Matin,1,G1,33,Urbaine dense,GP,Guadeloupe,88.53609792571224,16.2418,-61.5336,14,F,31-45,Salarie(e),93,BCA-GP-01-V4-20250602,1,S5,Matin,2025-06-02,1,11,12,00:00:00,00:12:00,16.241991136148346,-61.53361328324619,16.24159872166369,-61.53365479088317,1,3,3,2,3,11,3,2,2,3,3,13,2,3,3,2,2,2,Guichetier,14,3,3,2,3,11,3,2,1,2,2,3,13,,,,,,,,,,,,,,,,,,,,,,,,,,,,,3,2,2,2,2,3,14,21.88,16,2,1,2,2,0,7,16,0,,1,92.68,A,FALSE,FALSE,FALSE,TRUE,TRUE,FALSE,FALSE,FALSE,FALSE,FALSE,0,FALSE,32.67258333333334,TRUE,TRUE,TRUE,1
BCA-GP-01,2025-06-16,5,S2,EQ-18,Apres-midi,1,G1,33,Urbaine dense,GP,Guadeloupe,88.53609792571224,16.2418,-61.5336,14,M,46-60,Independant(e),85,BCA-GP-01-V5-20250616,1,S2,Apres-midi,2025-06-16,2,19,21,00:00:00,00:21:00,16.241675799233835,-61.533506193637166,16.241859742429835,-61.533533765427144,1,3,3,2,3,11,3,3,2,3,3,14,3,3,2,3,2,1,Guichetier,14,3,3,2,3,11,2,2,1,2,2,3,12,,,,,,,,2,2,3,1,2,2,2,,,,,,,,,,,,,,,,,,,,,14,19.44,18,2,2,2,2,2,10,18,1,A3,0,89.67,B,FALSE,FALSE,FALSE,TRUE,TRUE,FALSE,FALSE,FALSE,FALSE,FALSE,0,FALSE,29.662583333333338,TRUE,TRUE,TRUE,3
BCA-GP-02,2025-04-29,1,S5,EQ-19,Matin,1,G1,28,Urbaine dense,GP,Guadeloupe,90.66653866825824,16.2697,-61.5875,11,F,31-45,Salarie(e),93,BCA-GP-02-V1-20250429,1,S5,Matin,2025-04-29,3,18,21,00:00:00,00:21:00,16.26970666818392,-61.587455224358855,16.269832047915983,-61.58729651227799,1,3,3,2,3,11,3,3,2,3,3,14,3,2,3,3,2,2,Guichetier,15,3,3,2,3,11,3,2,1,2,1,3,12,,,,,,,,,,,,,,,,,,,,,,,,,,,,,2,3,3,2,2,3,15,23.44,16,2,2,2,2,2,10,28,0,,0,95.72,A,FALSE,FALSE,FALSE,TRUE,TRUE,FALSE,FALSE,FALSE,FALSE,FALSE,0,FALSE,35.712583333333335,TRUE,TRUE,TRUE,1
BCA-GP-02,2025-04-30,2,S2,EQ-17,Midi,1,G1,28,Urbaine dense,GP,Guadeloupe,90.66653866825824,16.2697,-61.5875,11,F,21-30,Salarie(e),88,BCA-GP-02-V2-20250430,1,S2,Midi,2025-04-30,2,18,20,00:00:00,00:20:00,16.269583983440192,-61.5876072108343,16.269799731962596,-61.58775332331786,1,3,3,2,3,11,3,3,2,3,3,14,3,3,3,3,2,2,Conseiller,16,3,3,2,3,11,2,2,1,2,2,3,12,,,,,,,,3,3,3,2,2,2,1,,,,,,,,,,,,,,,,,,,,,16,22.22,18,2,2,1,2,2,9,10,0,,0,95.51,A,FALSE,FALSE,FALSE,TRUE,TRUE,FALSE,FALSE,FALSE,FALSE,FALSE,0,FALSE,35.50258333333334,TRUE,TRUE,TRUE,2
BCA-GP-02,2025-05-30,3,S4,EQ-20,Apres-midi,1,G1,28,Urbaine dense,GP,Guadeloupe,90.66653866825824,16.2697,-61.5875,11,F,60+,Retraite(e),90,BCA-GP-02-V3-20250530,1,S4,Apres-midi,2025-05-30,5,9,14,00:00:00,00:14:00,16.269545453147476,-61.58758656084773,16.269571896472748,-61.58744633678732,1,3,2,2,3,10,3,3,2,3,2,13,2,3,3,3,2,2,Conseiller,15,3,3,2,3,11,3,2,1,2,2,3,13,,,,,,,,,,,,,,,,,,,,,,3,3,3,2,3,1,2,,,,,,,17,25,17,2,2,1,2,2,9,12,0,,0,96.77,A,FALSE,FALSE,FALSE,TRUE,TRUE,FALSE,FALSE,FALSE,FALSE,FALSE,0,FALSE,36.76258333333333,TRUE,TRUE,TRUE,3
BCA-GP-02,2025-06-11,4,S3,EQ-16,Matin,1,G1,28,Urbaine dense,GP,Guadeloupe,90.66653866825824,16.2697,-61.5875,11,M,31-45,Salarie(e),91,BCA-GP-02-V4-20250611,1,S3,Matin,2025-06-11,3,19,22,00:00:00,00:22:00,16.269985813246077,-61.58779598866288,16.2696491355823,-61.58722747110827,1,3,3,2,2,10,3,3,2,2,3,13,2,3,3,3,2,2,Conseiller,15,3,3,2,3,11,3,1,1,2,2,3,12,,,,,,,,,,,,,,,3,2,3,2,2,2,3,,,,,,,,,,,,,,17,23.61,18,2,2,2,2,2,10,12,0,,1,93.95,A,FALSE,FALSE,FALSE,TRUE,TRUE,FALSE,FALSE,FALSE,FALSE,FALSE,0,FALSE,33.94258333333334,TRUE,TRUE,TRUE,1
BCA-GP-02,2025-06-25,5,S1,EQ-18,Apres-midi,1,G1,28,Urbaine dense,GP,Guadeloupe,90.66653866825824,16.2697,-61.5875,11,M,46-60,Independant(e),85,BCA-GP-02-V5-20250625,1,S1,Apres-midi,2025-06-25,5,31,36,00:00:00,00:36:00,16.269607166617405,-61.58753694398591,16.26971081423109,-61.58769221590217,1,3,2,2,3,10,3,3,2,2,3,13,3,3,2,3,2,2,Guichetier,15,3,3,2,3,11,3,2,1,2,2,3,13,3,3,2,3,2,3,2,,,,,,,,,,,,,,,,,,,,,,,,,,,,18,25,18,2,2,2,2,1,9,8,0,,0,96.77,A,FALSE,FALSE,FALSE,TRUE,TRUE,FALSE,FALSE,FALSE,FALSE,FALSE,0,FALSE,36.76258333333333,TRUE,TRUE,TRUE,3
BCA-GP-03,2025-05-09,1,S2,EQ-18,Matin,2,G2,23,Urbaine,GP,Guadeloupe,75.22002611984531,16.2638,-61.5047,7,M,46-60,Independant(e),85,BCA-GP-03-V1-20250509,1,S2,Matin,2025-05-09,2,17,19,00:00:00,00:19:00,16.263983214789064,-61.50474526652749,16.263648292099045,-61.50506811870282,1,2,2,1,2,7,2,2,1,2,3,10,2,2,3,2,1,2,Guichetier,12,2,3,1,2,8,2,1,1,1,1,2,8,,,,,,,,2,2,2,1,1,2,1,,,,,,,,,,,,,,,,,,,,,11,15.28,18,2,2,2,1,2,9,25,0,,0,66.92,C,FALSE,FALSE,FALSE,TRUE,TRUE,FALSE,FALSE,FALSE,FALSE,FALSE,0,FALSE,6.9125833333333375,FALSE,TRUE,FALSE,1
BCA-GP-03,2025-05-28,2,S3,EQ-19,Midi,2,G2,23,Urbaine,GP,Guadeloupe,75.22002611984531,16.2638,-61.5047,7,F,31-45,Salarie(e),93,BCA-GP-03-V2-20250528,1,S3,Midi,2025-05-28,5,18,23,00:00:00,00:23:00,16.263910870212573,-61.50464386615306,16.26372173664636,-61.504669203340406,1,2,2,2,2,8,2,2,1,2,2,9,2,2,2,2,1,1,Guichetier,10,2,2,2,3,9,2,1,1,2,1,2,9,,,,,,,,,,,,,,,2,1,2,1,2,1,2,,,,,,,,,,,,,,11,15.28,18,2,2,2,2,1,9,9,0,,1,66.32,C,FALSE,FALSE,FALSE,TRUE,TRUE,FALSE,FALSE,FALSE,FALSE,FALSE,0,FALSE,6.312583333333329,FALSE,FALSE,FALSE,2
BCA-GP-03,2025-06-11,3,S1,EQ-16,Apres-midi,2,G2,23,Urbaine,GP,Guadeloupe,75.22002611984531,16.2638,-61.5047,7,M,31-45,Salarie(e),91,BCA-GP-03-V3-20250611,1,S1,Apres-midi,2025-06-11,3,26,29,00:00:00,00:29:00,16.264017732344755,-61.50489693376923,16.264077165997062,-61.50456615249837,1,2,3,1,2,8,2,2,2,2,2,10,2,2,2,2,2,2,Conseiller,12,2,2,2,2,8,2,2,1,1,2,2,10,3,2,1,2,2,3,1,,,,,,,,,,,,,,,,,,,,,,,,,,,,14,19.44,18,2,2,1,2,2,9,12,0,,0,75.13,B,FALSE,FALSE,FALSE,TRUE,TRUE,FALSE,FALSE,FALSE,FALSE,FALSE,0,FALSE,15.122583333333331,FALSE,TRUE,TRUE,3
BCA-GP-03,2025-06-13,4,S4,EQ-17,Matin,2,G2,23,Urbaine,GP,Guadeloupe,75.22002611984531,16.2638,-61.5047,7,F,21-30,Salarie(e),88,BCA-GP-03-V4-20250613,1,S4,Matin,2025-06-13,2,9,11,00:00:00,00:11:00,16.26383446060434,-61.50431868459699,16.26341831513396,-61.50437114230657,1,2,2,1,2,7,2,2,1,2,2,9,2,2,2,3,1,2,Guichetier,12,2,1,1,2,6,2,1,1,1,2,2,9,,,,,,,,,,,,,,,,,,,,,,3,2,2,2,2,1,1,,,,,,,13,19.12,17,2,2,0,2,2,8,11,0,,0,69.79,C,FALSE,FALSE,FALSE,TRUE,TRUE,FALSE,FALSE,FALSE,FALSE,FALSE,0,FALSE,9.782583333333342,FALSE,TRUE,TRUE,1
BCA-GP-03,2025-06-23,5,S5,EQ-20,Apres-midi,2,G2,23,Urbaine,GP,Guadeloupe,75.22002611984531,16.2638,-61.5047,7,F,60+,Retraite(e),90,BCA-GP-03-V5-20250623,1,S5,Apres-midi,2025-06-23,0,15,15,00:00:00,00:15:00,16.263961317732676,-61.5044166201182,16.26378509532312,-61.5047744730652,1,2,3,1,2,8,3,2,2,2,2,11,2,2,3,2,1,1,Conseiller,11,2,1,1,2,6,2,1,1,1,1,2,8,,,,,,,,,,,,,,,,,,,,,,,,,,,,,2,2,2,1,2,2,11,17.19,16,1,2,2,2,2,9,8,0,,0,68.12,C,FALSE,FALSE,FALSE,TRUE,TRUE,FALSE,FALSE,FALSE,FALSE,FALSE,0,FALSE,8.11258333333334,TRUE,FALSE,FALSE,3
BCA-GP-04,2025-04-10,1,S3,EQ-20,Matin,2,G2,21,Urbaine,GP,Guadeloupe,70.02876046751797,15.9985,-61.7242,7,F,60+,Retraite(e),90,BCA-GP-04-V1-20250410,1,S3,Matin,2025-04-10,2,15,17,00:00:00,00:17:00,15.9983816872582,-61.7238889819003,15.998607915817718,-61.72423048472653,1,2,2,1,2,7,2,2,1,2,2,9,2,2,2,1,2,1,Conseiller,10,1,2,1,2,6,2,1,1,1,1,2,8,,,,,,,,,,,,,,,1,1,1,1,2,1,2,,,,,,,,,,,,,,9,12.5,18,2,1,2,1,2,8,22,0,,0,58.19,D,FALSE,FALSE,FALSE,TRUE,TRUE,FALSE,FALSE,FALSE,FALSE,FALSE,0,FALSE,-1.8174166666666665,FALSE,FALSE,FALSE,1
BCA-GP-04,2025-04-11,2,S4,EQ-16,Midi,2,G2,21,Urbaine,GP,Guadeloupe,70.02876046751797,15.9985,-61.7242,7,M,31-45,Salarie(e),91,BCA-GP-04-V2-20250411,1,S4,Midi,2025-04-11,3,7,10,00:00:00,00:10:00,15.998511038034623,-61.72437447512786,15.9983807609109,-61.724227718455936,1,2,1,1,2,6,1,2,1,1,2,7,2,2,2,2,1,1,Conseiller,10,1,2,1,2,6,2,2,1,2,1,3,11,,,,,,,,,,,,,,,,,,,,,,2,2,2,2,2,1,1,,,,,,,12,17.65,17,2,2,2,2,2,10,9,0,,0,64.78,C,FALSE,FALSE,FALSE,TRUE,TRUE,FALSE,FALSE,FALSE,FALSE,FALSE,0,FALSE,4.772583333333337,FALSE,FALSE,FALSE,2
BCA-GP-04,2025-05-08,3,S5,EQ-18,Apres-midi,2,G2,21,Urbaine,GP,Guadeloupe,70.02876046751797,15.9985,-61.7242,7,M,46-60,Independant(e),85,BCA-GP-04-V3-20250508,1,S5,Apres-midi,2025-05-08,5,15,20,00:00:00,00:20:00,15.998410306787957,-61.724411472802416,15.998157587486444,-61.7238765011582,1,1,2,1,2,6,1,2,1,2,2,8,1,2,2,2,1,1,Conseiller,9,2,2,1,2,7,2,1,1,1,1,2,8,,,,,,,,,,,,,,,,,,,,,,,,,,,,,2,1,1,1,1,2,8,12.5,16,2,1,1,1,2,7,11,0,,0,55.87,D,FALSE,FALSE,FALSE,TRUE,TRUE,FALSE,FALSE,FALSE,FALSE,FALSE,0,FALSE,-4.137416666666667,FALSE,FALSE,FALSE,3
BCA-GP-04,2025-05-22,4,S1,EQ-19,Matin,2,G2,21,Urbaine,GP,Guadeloupe,70.02876046751797,15.9985,-61.7242,7,F,31-45,Salarie(e),93,BCA-GP-04-V4-20250522,1,S1,Matin,2025-05-22,1,24,25,00:00:00,00:25:00,15.998469601968573,-61.724085022060045,15.99871221716324,-61.72452024562571,1,1,2,1,2,6,2,2,1,1,2,8,2,2,2,2,1,1,Guichetier,10,2,2,1,1,6,2,1,0,1,1,1,6,2,2,1,2,1,2,1,,,,,,,,,,,,,,,,,,,,,,,,,,,,11,15.28,18,2,2,2,2,2,10,13,0,,1,57.24,D,FALSE,FALSE,FALSE,TRUE,TRUE,FALSE,FALSE,FALSE,FALSE,FALSE,0,FALSE,-2.767416666666662,FALSE,FALSE,FALSE,1
BCA-GP-04,2025-06-12,5,S2,EQ-17,Apres-midi,2,G2,21,Urbaine,GP,Guadeloupe,70.02876046751797,15.9985,-61.7242,7,F,21-30,Salarie(e),88,BCA-GP-04-V5-20250612,1,S2,Apres-midi,2025-06-12,2,21,23,00:00:00,00:23:00,15.99845402103746,-61.724305870995195,15.99838866276802,-61.72407065674891,1,2,2,1,2,7,2,1,1,2,2,8,1,2,2,2,1,1,Conseiller,9,2,1,1,2,6,2,1,1,2,1,2,9,,,,,,,,1,2,2,1,1,2,2,,,,,,,,,,,,,,,,,,,,,11,15.28,18,2,2,2,2,2,10,26,0,,0,60.36,C,FALSE,FALSE,FALSE,TRUE,TRUE,FALSE,FALSE,FALSE,FALSE,FALSE,0,FALSE,0.35258333333333525,FALSE,FALSE,FALSE,3
BCA-GP-05,2025-04-11,1,S1,EQ-17,Matin,2,G2,17,Peri-urbaine,GP,Guadeloupe,59.9791517818678,16.2229,-61.3839,5,F,21-30,Salarie(e),88,BCA-GP-05-V1-20250411,1,S1,Matin,2025-04-11,5,26,31,00:00:00,00:31:00,16.222834595680016,-61.38398775074504,16.222770753656363,-61.38428103751419,1,1,2,1,1,5,1,1,1,1,2,6,1,2,1,1,1,1,Guichetier,7,2,1,1,2,6,1,1,0,1,1,1,5,1,2,1,1,1,1,1,,,,,,,,,,,,,,,,,,,,,,,,,,,,8,11.11,18,1,2,2,2,2,9,16,0,,0,44.28,F,FALSE,FALSE,FALSE,TRUE,TRUE,FALSE,FALSE,FALSE,FALSE,FALSE,0,FALSE,-15.727416666666663,FALSE,FALSE,FALSE,1
BCA-GP-05,2025-04-28,2,S5,EQ-18,Midi,2,G2,17,Peri-urbaine,GP,Guadeloupe,59.9791517818678,16.2229,-61.3839,5,M,46-60,Independant(e),85,BCA-GP-05-V2-20250428,1,S5,Midi,2025-04-28,4,17,21,00:00:00,00:21:00,16.22287858113958,-61.383892412749624,16.223006650233447,-61.383767220242234,1,1,2,1,1,5,2,2,1,1,1,7,1,1,1,1,1,1,Conseiller,6,2,2,1,2,7,2,1,1,1,1,1,7,,,,,,,,,,,,,,,,,,,,,,,,,,,,,2,1,1,1,1,1,7,10.94,16,2,2,2,2,2,10,27,0,,0,47.11,D,FALSE,FALSE,FALSE,TRUE,TRUE,FALSE,FALSE,FALSE,FALSE,FALSE,0,FALSE,-12.897416666666665,FALSE,FALSE,FALSE,2
BCA-GP-05,2025-05-15,3,S2,EQ-19,Apres-midi,2,G2,17,Peri-urbaine,GP,Guadeloupe,59.9791517818678,16.2229,-61.3839,5,F,31-45,Salarie(e),93,BCA-GP-05-V3-20250515,1,S2,Apres-midi,2025-05-15,3,24,27,00:00:00,00:27:00,16.222988890535486,-61.38387459146023,16.223255578868812,-61.38380185318992,1,1,2,1,1,5,1,1,1,1,1,5,2,1,2,1,1,1,Conseiller,8,2,2,1,2,7,1,1,1,1,1,1,6,,,,,,,,1,1,2,1,1,1,1,,,,,,,,,,,,,,,,,,,,,8,11.11,18,2,2,2,2,2,10,18,0,,0,46.52,D,FALSE,FALSE,FALSE,TRUE,TRUE,FALSE,FALSE,FALSE,FALSE,FALSE,0,FALSE,-13.487416666666661,FALSE,FALSE,FALSE,3
BCA-GP-05,2025-06-10,4,S3,EQ-20,Matin,2,G2,17,Peri-urbaine,GP,Guadeloupe,59.9791517818678,16.2229,-61.3839,5,F,60+,Retraite(e),90,BCA-GP-05-V4-20250610,1,S3,Matin,2025-06-10,6,16,22,00:00:00,00:22:00,16.22274795047348,-61.38386554361324,16.223034896700835,-61.384131153309994,1,1,2,1,1,5,2,2,1,1,2,8,1,1,2,2,1,1,Directeur,8,1,1,1,1,4,2,1,1,1,1,1,7,,,,,,,,,,,,,,,2,2,2,1,1,1,2,,,,,,,,,,,,,,11,15.28,18,2,0,1,2,2,5,25,1,A2,0,53.17,D,FALSE,FALSE,FALSE,TRUE,TRUE,FALSE,FALSE,TRUE,FALSE,FALSE,1,FALSE,-6.8374166666666625,FALSE,FALSE,FALSE,1
BCA-GP-05,2025-06-19,5,S4,EQ-16,Apres-midi,2,G2,17,Peri-urbaine,GP,Guadeloupe,59.9791517818678,16.2229,-61.3839,5,M,31-45,Salarie(e),91,BCA-GP-05-V5-20250619,1,S4,Apres-midi,2025-06-19,8,5,13,00:00:00,00:13:00,16.22287178132696,-61.38385938313457,16.222914863627977,-61.383771375391184,1,1,1,1,1,4,1,1,1,2,1,6,1,2,1,1,1,1,Guichetier,7,1,1,1,1,4,2,1,1,1,1,2,8,,,,,,,,,,,,,,,,,,,,,,2,2,1,1,1,0,1,,,,,,,8,11.76,17,2,1,2,2,2,9,20,0,,0,45.79,D,FALSE,FALSE,FALSE,TRUE,TRUE,FALSE,FALSE,FALSE,FALSE,FALSE,0,FALSE,-14.217416666666665,FALSE,FALSE,FALSE,3
BCA-GP-06,2025-05-07,1,S5,EQ-16,Matin,3,G3,14,Peri-urbaine,GP,Guadeloupe,60.93088421207733,16.2536,-61.2783,4,M,31-45,Salarie(e),91,BCA-GP-06-V1-20250507,1,S5,Matin,2025-05-07,4,20,24,00:00:00,00:24:00,16.253171127523025,-61.27797927512635,16.25343593810294,-61.278386716506994,1,2,2,1,1,6,1,1,1,2,2,7,2,0,1,2,1,1,Directeur,7,1,1,1,1,4,1,1,0,1,1,1,5,,,,,,,,,,,,,,,,,,,,,,,,,,,,,2,2,1,1,1,2,9,14.06,16,0,2,2,2,2,8,10,0,,0,47.98,D,FALSE,FALSE,FALSE,TRUE,TRUE,FALSE,FALSE,FALSE,FALSE,FALSE,0,FALSE,-12.027416666666667,FALSE,FALSE,FALSE,1
BCA-GP-06,2025-05-08,2,S1,EQ-17,Midi,3,G3,14,Peri-urbaine,GP,Guadeloupe,60.93088421207733,16.2536,-61.2783,4,F,21-30,Salarie(e),88,BCA-GP-06-V2-20250508,1,S1,Midi,2025-05-08,2,24,26,00:00:00,00:26:00,16.25359705613084,-61.27834245137848,16.25380286387752,-61.278270421516496,1,1,1,1,1,4,1,1,1,1,1,5,1,1,1,2,1,1,Conseiller,7,2,1,1,2,6,1,1,1,1,1,1,6,2,2,1,1,1,2,1,,,,,,,,,,,,,,,,,,,,,,,,,,,,10,13.89,18,1,2,2,1,2,8,19,0,,0,46.79,D,FALSE,FALSE,FALSE,TRUE,TRUE,FALSE,FALSE,FALSE,FALSE,FALSE,0,FALSE,-13.217416666666665,FALSE,FALSE,FALSE,2
BCA-GP-06,2025-06-02,3,S4,EQ-19,Apres-midi,3,G3,14,Peri-urbaine,GP,Guadeloupe,60.93088421207733,16.2536,-61.2783,4,F,31-45,Salarie(e),93,BCA-GP-06-V3-20250602,1,S4,Apres-midi,2025-06-02,6,10,16,00:00:00,00:16:00,16.253894802535036,-61.27868088184502,16.253509022127762,-61.278418000117014,1,1,2,1,1,5,2,1,1,1,1,6,2,1,1,1,1,1,Guichetier,7,1,1,1,2,5,2,1,0,1,1,2,7,,,,,,,,,,,,,,,,,,,,,,1,1,1,1,1,0,2,,,,,,,7,10.29,17,2,2,1,2,2,9,28,0,,0,44.69,F,FALSE,FALSE,FALSE,TRUE,TRUE,FALSE,FALSE,FALSE,FALSE,FALSE,0,FALSE,-15.317416666666666,FALSE,FALSE,FALSE,3
BCA-GP-06,2025-06-04,4,S2,EQ-18,Matin,3,G3,14,Peri-urbaine,GP,Guadeloupe,60.93088421207733,16.2536,-61.2783,4,M,46-60,Independant(e),85,BCA-GP-06-V4-20250604,1,S2,Matin,2025-06-04,4,23,27,00:00:00,00:27:00,16.25376551548726,-61.27794675338788,16.253561246554135,-61.2783305935428,1,1,1,1,1,4,2,2,1,1,1,7,1,2,2,2,1,1,Conseiller,9,1,2,1,2,6,1,1,0,1,1,2,6,,,,,,,,2,1,1,1,1,1,1,,,,,,,,,,,,,,,,,,,,,8,11.11,18,2,2,2,2,2,10,21,0,,0,48.1,D,FALSE,FALSE,FALSE,TRUE,TRUE,FALSE,FALSE,FALSE,FALSE,FALSE,0,FALSE,-11.907416666666663,FALSE,FALSE,FALSE,1
BCA-GP-06,2025-06-19,5,S3,EQ-20,Apres-midi,3,G3,14,Peri-urbaine,GP,Guadeloupe,60.93088421207733,16.2536,-61.2783,4,F,60+,Retraite(e),90,BCA-GP-06-V5-20250619,1,S3,Apres-midi,2025-06-19,2,13,15,00:00:00,00:15:00,16.253660883923093,-61.27814660943087,16.25350509907547,-61.27839097080087,1,1,2,1,2,6,1,1,1,2,1,6,2,1,1,2,2,1,Conseiller,9,1,1,1,2,5,2,1,1,1,1,1,7,,,,,,,,,,,,,,,2,1,2,1,2,0,1,,,,,,,,,,,,,,9,12.5,18,1,1,2,2,2,8,9,0,,0,50.76,D,FALSE,FALSE,FALSE,TRUE,TRUE,FALSE,FALSE,FALSE,FALSE,FALSE,0,FALSE,-9.247416666666666,FALSE,FALSE,FALSE,3
BCA-GP-07,2025-04-22,1,S2,EQ-20,Matin,3,G3,10,Rurale,GP,Guadeloupe,52.364501980186866,16.0444,-61.5633,3,F,60+,Retraite(e),90,BCA-GP-07-V1-20250422,1,S2,Matin,2025-04-22,4,23,27,00:00:00,00:27:00,16.04430978452078,-61.56325915387549,16.044223079778973,-61.56357467450925,1,1,1,1,1,4,1,1,1,1,1,5,1,2,1,1,1,1,Guichetier,7,1,1,0,1,3,1,1,0,1,1,1,5,,,,,,,,1,1,0,1,1,1,0,,,,,,,,,,,,,,,,,,,,,5,6.94,18,2,2,2,2,2,10,13,0,,0,34.57,F,FALSE,FALSE,FALSE,TRUE,TRUE,FALSE,FALSE,FALSE,FALSE,FALSE,0,FALSE,-25.437416666666664,FALSE,FALSE,FALSE,1
BCA-GP-07,2025-04-25,2,S4,EQ-18,Midi,3,G3,10,Rurale,GP,Guadeloupe,52.364501980186866,16.0444,-61.5633,3,M,46-60,Independant(e),85,BCA-GP-07-V2-20250425,1,S4,Midi,2025-04-25,0,13,13,00:00:00,00:13:00,16.044594020654785,-61.56343163639607,16.04450502737135,-61.56380389776777,1,1,1,1,1,4,1,1,0,1,1,4,1,1,1,1,1,0,Guichetier,5,1,1,1,1,4,1,0,1,0,1,1,4,,,,,,,,,,,,,,,,,,,,,,2,1,1,1,1,0,0,,,,,,,6,8.82,17,2,2,2,2,0,8,23,0,,0,33.01,F,FALSE,FALSE,FALSE,TRUE,TRUE,FALSE,FALSE,FALSE,FALSE,FALSE,0,FALSE,-26.997416666666666,FALSE,FALSE,FALSE,2
BCA-GP-07,2025-05-28,3,S3,EQ-16,Apres-midi,3,G3,10,Rurale,GP,Guadeloupe,52.364501980186866,16.0444,-61.5633,3,M,31-45,Salarie(e),91,BCA-GP-07-V3-20250528,1,S3,Apres-midi,2025-05-28,5,12,17,00:00:00,00:17:00,16.044430833068798,-61.56361439952453,16.044346376219586,-61.56338950935482,1,1,1,0,1,3,1,1,1,0,1,4,1,1,1,1,1,1,Conseiller,6,1,2,1,2,6,2,0,0,1,1,1,5,,,,,,,,,,,,,,,1,0,1,1,2,1,1,,,,,,,,,,,,,,7,9.72,18,2,2,2,2,2,10,27,0,,0,37.4,F,FALSE,FALSE,FALSE,TRUE,TRUE,FALSE,FALSE,FALSE,FALSE,FALSE,0,FALSE,-22.607416666666666,FALSE,FALSE,FALSE,3
BCA-GP-07,2025-05-30,4,S5,EQ-17,Matin,3,G3,10,Rurale,GP,Guadeloupe,52.364501980186866,16.0444,-61.5633,3,F,21-30,Salarie(e),88,BCA-GP-07-V4-20250530,1,S5,Matin,2025-05-30,5,11,16,00:00:00,00:16:00,16.04387510428386,-61.56323394230382,16.044436978791424,-61.56350218330742,1,1,1,1,1,4,1,2,1,1,1,6,1,1,1,1,1,1,Guichetier,6,2,1,1,1,5,1,1,0,1,0,1,4,,,,,,,,,,,,,,,,,,,,,,,,,,,,,2,1,1,1,1,1,7,10.94,16,2,1,2,2,2,9,25,0,,0,39.85,F,FALSE,FALSE,FALSE,TRUE,TRUE,FALSE,FALSE,FALSE,FALSE,FALSE,0,FALSE,-20.157416666666663,FALSE,FALSE,FALSE,1
BCA-GP-07,2025-06-17,5,S1,EQ-19,Apres-midi,3,G3,10,Rurale,GP,Guadeloupe,52.364501980186866,16.0444,-61.5633,3,F,31-45,Salarie(e),93,BCA-GP-07-V5-20250617,1,S1,Apres-midi,2025-06-17,2,29,31,00:00:00,00:31:00,16.044675954747483,-61.563367557359975,16.044132709968054,-61.56339419699946,1,1,1,1,1,4,1,1,0,0,0,2,1,1,0,1,1,1,Conseiller,5,1,1,1,2,5,1,1,0,1,1,1,5,0,1,1,1,1,1,1,,,,,,,,,,,,,,,,,,,,,,,,,,,,6,8.33,18,2,1,2,2,2,9,18,0,,0,32.34,F,FALSE,FALSE,FALSE,TRUE,TRUE,FALSE,FALSE,FALSE,FALSE,FALSE,0,FALSE,-27.66741666666666,FALSE,FALSE,FALSE,3
BCA-GP-08,2025-04-09,1,S3,EQ-18,Matin,3,G3,6,Rurale,GP,Guadeloupe,51.32309666250706,16.3308,-61.3522,2,M,46-60,Independant(e),85,BCA-GP-08-V1-20250409,1,S3,Matin,2025-04-09,3,18,2,00:00:00,00:21:00,16.33089305171746,-61.35217970362346,16.330895959345057,-61.35211353929335,1,1,1,1,1,4,0,1,0,1,1,3,1,1,0,1,1,1,Conseiller,5,1,2,1,1,5,1,1,1,1,1,1,6,,,,,,,,,,,,,,,1,1,1,1,1,1,1,,,,,,,,,,,,,,7,9.72,18,2,1,2,2,2,9,9,1,A1,0,36.23,F,FALSE,TRUE,TRUE,FALSE,TRUE,TRUE,FALSE,FALSE,FALSE,FALSE,1,FALSE,-23.777416666666667,FALSE,FALSE,FALSE,1
BCA-GP-08,2025-04-16,2,S5,EQ-19,Midi,3,G3,6,Rurale,GP,Guadeloupe,51.32309666250706,16.3308,-61.3522,2,F,31-45,Salarie(e),93,BCA-GP-08-V2-20250416,1,S5,Midi,2025-04-16,3,16,19,00:00:00,00:19:00,16.331053375955648,-61.35244438576712,16.330749747390442,-61.35191556125905,1,2,1,0,2,5,2,1,0,1,1,5,2,1,1,1,1,1,Conseiller,7,1,1,0,1,3,1,1,0,1,0,1,4,,,,,,,,,,,,,,,,,,,,,,,,,,,,,1,1,1,0,1,1,5,7.81,16,2,2,2,2,2,10,18,0,,0,35.37,F,FALSE,FALSE,FALSE,TRUE,TRUE,FALSE,FALSE,FALSE,FALSE,FALSE,0,FALSE,-24.637416666666667,FALSE,FALSE,FALSE,2
BCA-GP-08,2025-05-05,3,S1,EQ-17,Apres-midi,3,G3,6,Rurale,GP,Guadeloupe,51.32309666250706,16.3308,-61.3522,2,F,21-30,Salarie(e),88,BCA-GP-08-V3-20250505,1,S1,Apres-midi,2025-05-05,4,28,32,00:00:00,00:32:00,16.330867085176713,-61.351992592991735,16.33098735013081,-61.35244572794516,1,0,1,1,1,3,1,1,1,2,0,5,2,1,2,1,1,0,Guichetier,7,0,1,0,1,2,1,1,0,1,1,1,5,1,1,1,1,1,0,1,,,,,,,,,,,,,,,,,,,,,,,,,,,,6,8.33,18,2,1,1,2,1,7,27,0,,0,34.42,F,FALSE,FALSE,FALSE,TRUE,TRUE,FALSE,FALSE,FALSE,FALSE,FALSE,0,FALSE,-25.587416666666662,FALSE,FALSE,FALSE,3
BCA-GP-08,2025-06-05,4,S4,EQ-20,Matin,3,G3,6,Rurale,GP,Guadeloupe,51.32309666250706,16.3308,-61.3522,2,F,60+,Retraite(e),90,BCA-GP-08-V4-20250605,1,S4,Matin,2025-06-05,5,6,11,00:00:00,00:11:00,16.330817230551755,-61.35250858354202,16.330604748334476,-61.35234035904919,1,2,1,1,1,5,0,1,1,1,0,3,1,2,1,1,0,1,Conseiller,6,1,1,0,0,2,1,1,1,1,1,1,6,,,,,,,,,,,,,,,,,,,,,,1,1,2,1,2,0,1,,,,,,,8,11.76,17,2,2,2,0,2,8,12,0,,0,38.11,F,FALSE,FALSE,FALSE,TRUE,TRUE,FALSE,FALSE,FALSE,FALSE,FALSE,0,FALSE,-21.897416666666665,FALSE,FALSE,FALSE,1
BCA-GP-08,2025-06-24,5,S2,EQ-16,Apres-midi,3,G3,6,Rurale,GP,Guadeloupe,51.32309666250706,16.3308,-61.3522,2,M,31-45,Salarie(e),91,BCA-GP-08-V5-20250624,1,S2,Apres-midi,2025-06-24,3,17,20,00:00:00,00:20:00,16.33414791400288,-61.35486782777386,16.334278524495264,-61.354804220840776,0,2,1,1,1,5,1,1,1,1,1,5,1,1,1,1,1,1,Guichetier,6,1,1,1,1,4,1,1,0,1,1,2,6,,,,,,,,1,0,1,0,1,1,1,,,,,,,,,,,,,,,,,,,,,5,6.94,18,2,2,2,2,2,10,17,0,,0,36.29,F,FALSE,FALSE,FALSE,FALSE,TRUE,FALSE,TRUE,FALSE,FALSE,FALSE,1,FALSE,-23.717416666666665,FALSE,FALSE,FALSE,3
BCA-GF-01,2025-04-08,1,S1,EQ-21,Matin,1,G1,29,Urbaine dense,GF,Guyane francaise,88.27561075929319,4.9224,-52.3135,12,M,31-45,Salarie(e),87,BCA-GF-01-V1-20250408,1,S1,Matin,2025-04-08,6,29,35,00:00:00,00:35:00,4.922410453223375,-52.313512582854585,4.922091872261732,-52.31330620139058,1,3,3,2,3,11,3,3,2,3,3,14,3,3,3,2,1,2,Directeur,14,3,3,2,2,10,3,2,1,2,2,3,13,2,2,2,3,2,3,2,,,,,,,,,,,,,,,,,,,,,,,,,,,,16,22.22,18,2,2,0,2,2,8,14,0,,0,93.25,A,FALSE,FALSE,FALSE,TRUE,TRUE,FALSE,FALSE,FALSE,FALSE,FALSE,0,FALSE,33.242583333333336,TRUE,TRUE,TRUE,1
BCA-GF-01,2025-04-16,2,S2,EQ-22,Midi,1,G1,29,Urbaine dense,GF,Guyane francaise,88.27561075929319,4.9224,-52.3135,12,F,46-60,Salarie(e),94,BCA-GF-01-V2-20250416,1,S2,Midi,2025-04-16,5,19,24,00:00:00,00:24:00,4.9223819183896795,-52.31347743008186,4.922238443841499,-52.31390628727437,1,3,3,2,3,11,2,2,2,3,2,11,3,2,3,2,1,2,Conseiller,13,2,3,1,2,8,3,2,1,1,2,2,11,,,,,,,,2,3,2,2,2,2,1,,,,,,,,,,,,,,,,,,,,,14,19.44,18,2,2,2,2,2,10,24,1,A4,0,81.33,B,FALSE,FALSE,FALSE,TRUE,TRUE,FALSE,FALSE,FALSE,FALSE,FALSE,0,FALSE,21.322583333333334,TRUE,TRUE,TRUE,2
BCA-GF-01,2025-05-07,3,S3,EQ-23,Apres-midi,1,G1,29,Urbaine dense,GF,Guyane francaise,88.27561075929319,4.9224,-52.3135,12,M,21-30,Etudiant(e),83,BCA-GF-01-V3-20250507,1,S3,Apres-midi,2025-05-07,1,19,20,00:00:00,00:20:00,4.922481563972706,-52.31368118816104,4.922419550872622,-52.31339120837427,1,3,3,2,3,11,3,3,2,3,2,13,3,3,2,3,2,2,Guichetier,15,2,2,2,3,9,3,2,1,2,2,3,13,,,,,,,,,,,,,,,3,2,2,2,3,1,3,,,,,,,,,,,,,,16,22.22,18,2,2,0,2,2,8,22,0,,0,92.52,A,FALSE,FALSE,FALSE,TRUE,TRUE,FALSE,FALSE,FALSE,FALSE,FALSE,0,FALSE,32.51258333333333,TRUE,TRUE,TRUE,3
BCA-GF-01,2025-05-12,4,S4,EQ-24,Matin,1,G1,29,Urbaine dense,GF,Guyane francaise,88.27561075929319,4.9224,-52.3135,12,F,31-45,Independant(e),92,BCA-GF-01-V4-20250512,1,S4,Matin,2025-05-12,4,10,14,00:00:00,00:14:00,4.922336708724668,-52.313525004591824,4.922448547013433,-52.313317499484434,1,3,2,2,3,10,2,2,1,2,3,10,3,3,2,3,2,2,Directeur,15,3,3,2,2,10,3,2,1,2,2,3,13,,,,,,,,,,,,,,,,,,,,,,3,3,3,2,3,1,2,,,,,,,17,25,17,1,2,2,0,2,7,23,0,,1,92.65,A,FALSE,FALSE,FALSE,TRUE,TRUE,FALSE,FALSE,FALSE,FALSE,FALSE,0,FALSE,32.64258333333334,FALSE,TRUE,TRUE,1
BCA-GF-01,2025-05-22,5,S5,EQ-25,Apres-midi,1,G1,29,Urbaine dense,GF,Guyane francaise,88.27561075929319,4.9224,-52.3135,12,M,60+,Retraite(e),89,BCA-GF-01-V5-20250522,1,S5,Apres-midi,2025-05-22,1,11,12,00:00:00,00:12:00,4.922251512148857,-52.31335006748996,4.922670683976591,-52.31393515861469,1,3,2,2,2,9,3,2,1,2,2,10,3,3,3,3,2,2,Guichetier,16,2,3,2,2,9,2,1,1,2,2,3,11,,,,,,,,,,,,,,,,,,,,,,,,,,,,,2,3,3,2,2,2,14,21.88,16,2,2,1,2,2,9,24,0,,0,86.03,B,FALSE,FALSE,FALSE,TRUE,TRUE,FALSE,FALSE,FALSE,FALSE,FALSE,0,FALSE,26.022583333333337,FALSE,TRUE,TRUE,3
BCA-GF-02,2025-04-23,1,S2,EQ-22,Matin,2,G2,22,Urbaine,GF,Guyane francaise,63.65870257398705,5.1604,-52.6477,6,F,46-60,Salarie(e),94,BCA-GF-02-V1-20250423,1,S2,Matin,2025-04-23,0,24,24,00:00:00,00:24:00,5.160630582565586,-52.64780409648131,5.160242474516248,-52.64786512425901,1,2,1,1,2,6,2,2,2,2,1,9,2,1,1,2,1,1,Directeur,8,1,1,1,1,4,2,1,1,1,1,2,8,,,,,,,,2,1,1,1,1,2,1,,,,,,,,,,,,,,,,,,,,,9,12.5,18,2,2,2,1,2,9,15,0,,0,52.96,D,FALSE,FALSE,FALSE,TRUE,TRUE,FALSE,FALSE,FALSE,FALSE,FALSE,0,FALSE,-7.047416666666663,FALSE,FALSE,FALSE,1
BCA-GF-02,2025-04-28,2,S3,EQ-23,Midi,2,G2,22,Urbaine,GF,Guyane francaise,63.65870257398705,5.1604,-52.6477,6,M,21-30,Etudiant(e),83,BCA-GF-02-V2-20250428,1,S3,Midi,2025-04-28,2,12,14,00:00:00,00:14:00,5.160545129629481,-52.647491609720774,5.160459078392013,-52.647548850504776,1,2,2,1,1,6,2,2,1,1,2,8,1,2,1,2,1,1,Guichetier,8,2,2,1,2,7,1,1,0,1,1,1,5,,,,,,,,,,,,,,,2,1,2,1,1,1,1,,,,,,,,,,,,,,9,12.5,18,2,2,2,1,2,9,17,0,,0,51.16,D,FALSE,FALSE,FALSE,TRUE,TRUE,FALSE,FALSE,FALSE,FALSE,FALSE,0,FALSE,-8.847416666666668,FALSE,FALSE,FALSE,2
BCA-GF-02,2025-05-29,3,S4,EQ-24,Apres-midi,2,G2,22,Urbaine,GF,Guyane francaise,63.65870257398705,5.1604,-52.6477,6,F,31-45,Independant(e),92,BCA-GF-02-V3-20250529,1,S4,Apres-midi,2025-05-29,2,7,9,00:00:00,00:09:00,5.160397029519579,-52.6479494880338,5.160288679694404,-52.647569599100066,1,2,1,1,2,6,2,2,1,2,1,8,2,2,1,2,1,1,Conseiller,9,2,2,1,1,6,1,1,1,1,1,2,7,,,,,,,,,,,,,,,,,,,,,,2,1,2,1,2,1,1,,,,,,,10,14.71,17,1,2,2,2,1,8,16,0,,0,56.46,D,FALSE,FALSE,FALSE,TRUE,TRUE,FALSE,FALSE,FALSE,FALSE,FALSE,0,FALSE,-3.5474166666666633,FALSE,FALSE,FALSE,3
BCA-GF-02,2025-06-02,4,S5,EQ-25,Matin,2,G2,22,Urbaine,GF,Guyane francaise,63.65870257398705,5.1604,-52.6477,6,M,60+,Retraite(e),89,BCA-GF-02-V4-20250602,1,S5,Matin,2025-06-02,3,20,23,00:00:00,00:23:00,5.160158105859586,-52.64739801488951,5.160340158496351,-52.647535623997555,1,1,1,1,1,4,1,1,1,2,2,7,1,2,2,1,1,1,Guichetier,8,1,2,1,2,6,1,1,1,1,1,2,7,,,,,,,,,,,,,,,,,,,,,,,,,,,,,2,2,2,1,1,2,10,15.62,16,2,2,2,2,1,9,17,0,,0,53.41,D,FALSE,FALSE,FALSE,TRUE,TRUE,FALSE,FALSE,FALSE,FALSE,FALSE,0,FALSE,-6.597416666666668,FALSE,FALSE,FALSE,1
BCA-GF-02,2025-06-03,5,S1,EQ-21,Apres-midi,2,G2,22,Urbaine,GF,Guyane francaise,63.65870257398705,5.1604,-52.6477,6,M,31-45,Salarie(e),87,BCA-GF-02-V5-20250603,1,S1,Apres-midi,2025-06-03,5,30,35,00:00:00,00:35:00,5.160565098817938,-52.64788993684288,5.160523591840755,-52.64754458591401,1,2,1,1,2,6,2,2,1,2,1,8,2,1,1,2,1,1,Guichetier,8,1,2,1,1,5,2,1,1,1,1,1,7,1,1,1,2,1,2,1,,,,,,,,,,,,,,,,,,,,,,,,,,,,9,12.5,18,1,2,2,2,2,9,26,0,,0,51.65,D,FALSE,FALSE,FALSE,TRUE,TRUE,FALSE,FALSE,FALSE,FALSE,FALSE,0,FALSE,-8.357416666666666,FALSE,FALSE,FALSE,3
BCA-GF-03,2025-04-10,1,S3,EQ-23,Matin,2,G2,16,Urbaine,GF,Guyane francaise,68.3162825392066,5.4989,-54.0328,5,M,21-30,Etudiant(e),83,BCA-GF-03-V1-20250410,1,S3,Matin,2025-04-10,7,19,26,00:00:00,00:26:00,5.498741932021489,-54.032636573798435,5.499053169264999,-54.032748887449145,1,2,2,1,2,7,3,1,2,2,2,10,2,1,2,2,1,1,Conseiller,9,2,2,1,2,7,1,1,0,1,1,2,6,,,,,,,,,,,,,,,2,1,2,1,1,1,2,,,,,,,,,,,,,,10,13.89,18,2,2,2,2,2,10,17,0,,0,58.28,D,FALSE,FALSE,FALSE,TRUE,TRUE,FALSE,FALSE,FALSE,FALSE,FALSE,0,FALSE,-1.727416666666663,FALSE,FALSE,FALSE,1
BCA-GF-03,2025-04-24,2,S4,EQ-24,Midi,2,G2,16,Urbaine,GF,Guyane francaise,68.3162825392066,5.4989,-54.0328,5,F,31-45,Independant(e),92,BCA-GF-03-V2-20250424,1,S4,Midi,2025-04-24,3,6,9,00:00:00,00:09:00,5.498761103612339,-54.03273599331084,5.499256597641943,-54.03258973641234,1,2,2,1,2,7,2,2,1,2,2,9,1,2,2,2,1,1,Guichetier,9,1,2,1,2,6,1,1,1,1,2,2,8,,,,,,,,,,,,,,,,,,,,,,1,2,2,1,2,0,1,,,,,,,9,13.24,17,2,1,1,1,2,7,11,0,,0,57.83,D,FALSE,FALSE,FALSE,TRUE,TRUE,FALSE,FALSE,FALSE,FALSE,FALSE,0,FALSE,-2.177416666666666,FALSE,FALSE,FALSE,2
BCA-GF-03,2025-06-06,3,S5,EQ-25,Apres-midi,2,G2,16,Urbaine,GF,Guyane francaise,68.3162825392066,5.4989,-54.0328,5,M,60+,Retraite(e),89,BCA-GF-03-V3-20250606,1,S5,Apres-midi,2025-06-06,2,17,19,00:00:00,00:19:00,5.499162911345165,-54.032863985309525,5.498787671753779,-54.03302512093724,1,2,1,1,2,6,2,2,1,2,2,9,2,2,2,2,1,1,Autre,10,2,1,1,2,6,2,1,0,1,1,2,7,,,,,,,,,,,,,,,,,,,,,,,,,,,,,1,1,2,2,1,2,9,14.06,16,2,2,2,2,2,10,23,0,,0,58,D,FALSE,FALSE,FALSE,TRUE,TRUE,FALSE,FALSE,FALSE,FALSE,FALSE,0,FALSE,-2.007416666666664,FALSE,FALSE,FALSE,3
BCA-GF-03,2025-06-10,4,S1,EQ-21,Matin,2,G2,16,Urbaine,GF,Guyane francaise,68.3162825392066,5.4989,-54.0328,5,M,31-45,Salarie(e),87,BCA-GF-03-V4-20250610,1,S1,Matin,2025-06-10,6,25,31,00:00:00,00:31:00,5.49885059135244,-54.03294239547965,5.498907515678688,-54.03278659464844,1,2,2,1,2,7,2,2,1,2,1,8,2,2,2,2,1,1,Guichetier,10,2,2,2,2,8,3,1,1,1,1,2,9,1,2,1,2,1,2,1,,,,,,,,,,,,,,,,,,,,,,,,,,,,10,13.89,18,1,0,2,2,2,7,16,0,,0,61.76,C,FALSE,FALSE,FALSE,TRUE,TRUE,FALSE,FALSE,FALSE,FALSE,FALSE,0,FALSE,1.7525833333333338,FALSE,FALSE,FALSE,1
BCA-GF-03,2025-06-12,5,S2,EQ-22,Apres-midi,2,G2,16,Urbaine,GF,Guyane francaise,68.3162825392066,5.4989,-54.0328,5,F,46-60,Salarie(e),94,BCA-GF-03-V5-20250612,1,S2,Apres-midi,2025-06-12,3,20,23,00:00:00,00:23:00,5.498973521695674,-54.03281493892239,5.498701057944842,-54.032655852528016,1,2,2,1,2,7,2,2,1,2,2,9,2,1,1,2,1,1,Conseiller,8,2,1,1,2,6,2,1,0,1,1,2,7,,,,,,,,2,1,2,1,1,2,1,,,,,,,,,,,,,,,,,,,,,10,13.89,18,2,2,2,2,2,10,27,0,,0,56.21,D,FALSE,FALSE,FALSE,TRUE,TRUE,FALSE,FALSE,FALSE,FALSE,FALSE,0,FALSE,-3.7974166666666633,FALSE,FALSE,FALSE,3
BCA-GF-04,2025-04-22,1,S4,EQ-24,Matin,3,G3,11,Peri-urbaine,GF,Guyane francaise,54.495356146616814,4.849,-52.328,3,F,31-45,Independant(e),92,BCA-GF-04-V1-20250422,1,S4,Matin,2025-04-22,4,15,19,00:00:00,00:19:00,4.848966744336137,-52.32825972358757,4.848984925230118,-52.32808206380917,1,1,2,0,1,4,1,1,1,1,1,5,1,1,1,1,1,1,Directeur,6,2,1,0,1,4,1,1,0,1,0,1,4,,,,,,,,,,,,,,,,,,,,,,1,0,1,1,1,0,0,,,,,,,4,5.88,17,1,2,2,2,2,9,27,0,,0,31.8,F,FALSE,FALSE,FALSE,TRUE,TRUE,FALSE,FALSE,FALSE,FALSE,FALSE,0,FALSE,-28.207416666666663,FALSE,FALSE,FALSE,1
BCA-GF-04,2025-05-02,2,S5,EQ-25,Midi,3,G3,11,Peri-urbaine,GF,Guyane francaise,54.495356146616814,4.849,-52.328,3,M,60+,Retraite(e),89,BCA-GF-04-V2-20250502,1,S5,Midi,2025-05-02,2,13,15,00:00:00,00:15:00,4.849346112147243,-52.32819553428918,4.848751592003867,-52.32818977741571,1,1,1,1,1,4,2,1,1,1,1,6,1,1,1,2,1,1,Guichetier,7,1,0,0,1,2,1,1,0,1,1,1,5,,,,,,,,,,,,,,,,,,,,,,,,,,,,,1,1,1,1,1,1,6,9.38,16,1,2,2,0,2,7,14,0,,0,37.66,F,FALSE,FALSE,FALSE,TRUE,TRUE,FALSE,FALSE,FALSE,FALSE,FALSE,0,FALSE,-22.347416666666668,FALSE,FALSE,FALSE,2
BCA-GF-04,2025-05-20,3,S1,EQ-21,Apres-midi,3,G3,11,Peri-urbaine,GF,Guyane francaise,54.495356146616814,4.849,-52.328,3,M,31-45,Salarie(e),87,BCA-GF-04-V3-20250520,1,S1,Apres-midi,2025-05-20,2,32,34,00:00:00,00:34:00,4.848949394637077,-52.32813248267705,4.848942117716751,-52.32821210481653,1,1,1,1,0,3,1,1,1,1,1,5,1,1,1,2,1,1,Guichetier,7,1,1,1,1,4,1,1,1,1,1,1,6,1,1,1,1,1,1,0,,,,,,,,,,,,,,,,,,,,,,,,,,,,6,8.33,18,2,2,2,2,2,10,11,0,,0,37.39,F,FALSE,FALSE,FALSE,TRUE,TRUE,FALSE,FALSE,FALSE,FALSE,FALSE,0,FALSE,-22.617416666666664,FALSE,FALSE,FALSE,3
BCA-GF-04,2025-06-09,4,S2,EQ-22,Matin,3,G3,11,Peri-urbaine,GF,Guyane francaise,54.495356146616814,4.849,-52.328,3,F,46-60,Salarie(e),94,BCA-GF-04-V4-20250609,1,S2,Matin,2025-06-09,1,22,23,00:00:00,00:23:00,4.848844706604788,-52.32810263429475,4.849055858622008,-52.32793683469328,1,1,1,1,1,4,1,1,0,1,2,5,1,1,1,2,1,1,Conseiller,7,0,0,1,1,2,1,1,0,1,1,1,5,,,,,,,,1,1,0,1,1,1,1,,,,,,,,,,,,,,,,,,,,,6,8.33,18,2,2,2,2,2,10,28,0,,0,35.33,F,FALSE,FALSE,FALSE,TRUE,TRUE,FALSE,FALSE,FALSE,FALSE,FALSE,0,FALSE,-24.677416666666666,FALSE,FALSE,FALSE,1
BCA-GF-04,2025-06-26,5,S3,EQ-23,Apres-midi,3,G3,11,Peri-urbaine,GF,Guyane francaise,54.495356146616814,4.849,-52.328,3,M,21-30,Etudiant(e),83,BCA-GF-04-V5-20250626,1,S3,Apres-midi,2025-06-26,5,11,16,00:00:00,00:16:00,4.848880588261414,-52.3279581757357,4.849100440383454,-52.327855430032216,1,1,1,1,1,4,1,1,1,1,1,5,2,2,1,2,1,1,Conseiller,9,1,1,1,1,4,1,1,0,1,1,1,5,,,,,,,,,,,,,,,1,1,2,1,2,1,1,,,,,,,,,,,,,,9,12.5,18,1,2,2,2,1,8,24,0,,0,44.65,F,FALSE,FALSE,FALSE,TRUE,TRUE,FALSE,FALSE,FALSE,FALSE,FALSE,0,FALSE,-15.357416666666666,FALSE,FALSE,FALSE,3
BCA-GF-05,2025-04-15,1,S5,EQ-25,Matin,3,G3,7,Peri-urbaine,GF,Guyane francaise,56.83230679521594,4.9331,-52.2706,2,M,60+,Retraite(e),89,BCA-GF-05-V1-20250415,1,S5,Matin,2025-04-15,2,15,17,00:00:00,00:17:00,4.933047084705276,-52.27050496186049,4.933288979739461,-52.27054167819866,1,1,2,1,1,5,2,1,1,1,1,6,1,1,1,1,1,0,Guichetier,5,1,1,1,1,4,1,1,0,1,1,1,5,,,,,,,,,,,,,,,,,,,,,,,,,,,,,2,1,1,1,1,2,8,12.5,16,2,1,2,2,2,9,22,0,,0,41.63,F,FALSE,FALSE,FALSE,TRUE,TRUE,FALSE,FALSE,FALSE,FALSE,FALSE,0,FALSE,-18.37741666666666,FALSE,FALSE,FALSE,1
BCA-GF-05,2025-05-07,2,S1,EQ-21,Midi,3,G3,7,Peri-urbaine,GF,Guyane francaise,56.83230679521594,4.9331,-52.2706,2,M,31-45,Salarie(e),87,BCA-GF-05-V2-20250507,1,S1,Midi,2025-05-07,6,30,36,00:00:00,00:36:00,4.933136119691906,-52.27054482267166,4.933139973377831,-52.27037779952625,1,1,2,1,1,5,2,2,1,1,1,7,1,1,1,1,1,0,Conseiller,5,1,1,1,1,4,1,1,0,1,1,1,5,1,1,1,1,1,1,1,,,,,,,,,,,,,,,,,,,,,,,,,,,,7,9.72,18,1,2,2,2,2,9,9,0,,0,39.37,F,FALSE,FALSE,FALSE,TRUE,TRUE,FALSE,FALSE,FALSE,FALSE,FALSE,0,FALSE,-20.637416666666667,FALSE,FALSE,FALSE,2
BCA-GF-05,2025-05-19,3,S2,EQ-22,Apres-midi,3,G3,7,Peri-urbaine,GF,Guyane francaise,56.83230679521594,4.9331,-52.2706,2,F,46-60,Salarie(e),94,BCA-GF-05-V3-20250519,1,S2,Apres-midi,2025-05-19,2,19,21,00:00:00,00:21:00,4.933048830568873,-52.270698938453776,4.933019256575984,-52.27062848929654,1,1,1,1,1,4,1,2,0,1,1,5,1,1,0,1,1,1,Conseiller,5,1,1,1,1,4,1,1,0,1,1,1,5,,,,,,,,1,2,1,1,0,1,1,,,,,,,,,,,,,,,,,,,,,7,9.72,18,1,1,2,2,2,8,13,0,,0,36.31,F,FALSE,FALSE,FALSE,TRUE,TRUE,FALSE,FALSE,FALSE,FALSE,FALSE,0,FALSE,-23.697416666666662,FALSE,FALSE,FALSE,3
BCA-GF-05,2025-05-29,4,S3,EQ-23,Matin,3,G3,7,Peri-urbaine,GF,Guyane francaise,56.83230679521594,4.9331,-52.2706,2,M,21-30,Etudiant(e),83,BCA-GF-05-V4-20250529,1,S3,Matin,2025-05-29,7,16,23,00:00:00,00:23:00,4.933075838837243,-52.27080373007464,4.933020785430462,-52.2704924071103,1,1,1,1,1,4,1,1,1,1,1,5,1,1,1,1,1,1,Conseiller,6,2,1,1,1,5,1,1,0,1,1,1,5,,,,,,,,,,,,,,,1,0,1,1,1,1,1,,,,,,,,,,,,,,6,8.33,18,2,2,2,1,2,9,23,0,,1,36.8,F,FALSE,FALSE,FALSE,TRUE,TRUE,FALSE,FALSE,FALSE,FALSE,FALSE,0,FALSE,-23.207416666666667,FALSE,FALSE,FALSE,1
BCA-GF-05,2025-06-02,5,S4,EQ-24,Apres-midi,3,G3,7,Peri-urbaine,GF,Guyane francaise,56.83230679521594,4.9331,-52.2706,2,F,31-45,Independant(e),92,BCA-GF-05-V5-20250602,1,S4,Apres-midi,2025-06-02,1,12,13,00:00:00,00:13:00,4.933283757676921,-52.27073827897761,4.933105217276993,-52.27056179780083,1,1,1,1,1,4,1,1,1,2,0,5,1,2,1,2,1,1,Directeur,8,1,1,1,1,4,2,1,1,1,1,1,7,,,,,,,,,,,,,,,,,,,,,,1,1,1,1,1,0,1,,,,,,,6,8.82,17,2,1,2,2,2,9,8,0,,0,41.29,F,FALSE,FALSE,FALSE,TRUE,TRUE,FALSE,FALSE,FALSE,FALSE,FALSE,0,FALSE,-18.717416666666665,FALSE,FALSE,FALSE,3
